id,名称,よみ,種別,公開状態,湯どうふ提供,住所,緯度,経度,位置精度,電話,営業時間,定休日,提供形態,メニュー,その他料金,使用豆腐,使用豆腐ID,使用豆腐メモ,使用豆腐出典URL,使用温泉,使用温泉メモ,使用温泉出典URL,特徴,説明,公式URL,食べログURL,RettyURL,GoogleマップURL,ぐるなびURL,ホットペッパーURL,じゃらんURL,楽天トラベルURL,InstagramURL,その他URL,食べログ点数,食べログ口コミ数,Google評価,Google口コミ数,出典,確信度,最終更新日,編集メモ
akatsuki,食事処 あかつき食堂,あかつきしょくどう,飲食店,公開,確認済み,佐賀県嬉野市（番地未取得・嬉野温泉駅から約1.2km）,,,不明,,6:00〜18:00（検索結果要約。別の要約では「朝7時開店」）,不定休,"朝食
ランチ",湯豆腐 | 600 | 食べログ掲載情報の要約による。税込/税抜・掲載年不明 | https://tabelog.com/saga/A4104/A410401/41003679/dtlrvwlst/?smp=1,,,,,,,,,"創業57年の夫婦経営のレトロな町の食堂（要約・口コミによる）
早朝から営業
カレー、ちゃんぽんなどの食堂メニュー",早朝から営業する創業57年のレトロな町食堂で、カレーやちゃんぽんと並んで湯豆腐を600円で出す。地元客向けの気軽な一軒。,,https://tabelog.com/saga/A4104/A410401/41003679/,,,,,,,,,3.08,10,,,"食事処 あかつき食堂 (嬉野温泉/食堂) 口コミ一覧 [食べログ] | https://tabelog.com/saga/A4104/A410401/41003679/dtlrvwlst/?smp=1 | 2026-10-04 | WebSearch結果の要約による。営業時間・不定休・湯豆腐600円・点数3.08・口コミ10件・保存143件
嬉野市「食事処 あかつき食堂」超レトロな町の食堂です(若おっさん) [食べログ] | https://tabelog.com/saga/A4104/A410401/41003679/dtlrvwlst/B309124376/ | 2026-10-04 | 口コミタイトルによる",中,2026-10-04,住所・座標未取得
ariake,月創采膳＆鮨處ありあけ,ありあけ,飲食店,公開,確認済み,佐賀県嬉野市嬉野町大字下宿乙2202-27 有明ビル1F,33.099522,129.983805,概略,0954-42-0533,18:00～23:00（L.O.22:30）平日・土・祝,,"ランチ
ディナー",嬉野郷土料理 温泉湯豆腐セット | 1300 | ヒトサラ料理メニューページの（税込/税抜・掲載年不明） | https://hitosara.com/0004105868/food.html,,地元の豆腐,,地元の豆腐（ヒトサラ要約「日本三大美肌の湯・嬉野温泉と地元豆腐のコラボ」）,,嬉野温泉（源泉名の記載なし）,,,"豊玉姫神社隣、国道34号沿い嬉野郵便局前の居酒屋・寿司店
秘伝のごまだれで食べるクリーミーな温泉湯豆腐（ヒトサラ要約）
約80品のメニュー、有明ちゃんこ鍋など佐賀の地元料理
ホットペッパーでネット予約可
ヒトサラのエリア表記は「鹿島」だが所在地は嬉野市","嬉野温泉の豊玉姫神社隣にある居酒屋・寿司店。夜営業で、嬉野郷土料理として温泉湯豆腐セット（1,300円）を秘伝のごまだれで提供する。ヒトサラ・ホットペッパー・じゃらんに掲載。",,,,,,https://www.hotpepper.jp/strJ003941016/,,,,"ヒトサラ | https://hitosara.com/0004105868/
 | https://hitosara.com/0004105868/food.html
 | https://www.jalan.net/gourmet/grm_foomoojH000531894/
 | https://www.asobo-saga.jp/gourmets/search/detail/d2e25108-989a-4185-b8b1-834c20b9bc95
 | https://www.kashimacity.com/eat/tuki/index.html
 | https://www.hotpepper.jp/strJ000710769/",,,,,"月創采膳＆鮨處ありあけ 鹿島/居酒屋 - ヒトサラ | https://hitosara.com/0004105868/ | 2026-10-04 | 豊玉姫神社隣の隠れ家居酒屋、温泉湯豆腐セット、秘伝ごまだれ、約80品
月創采膳＆鮨處ありあけ 料理メニュー - ヒトサラ | https://hitosara.com/0004105868/food.html | 2026-10-04 | 嬉野郷土料理 温泉湯豆腐セット 1,300円
月創菜膳&鮨處ありあけ(嬉野/居酒屋)＜ネット予約可 - ホットペッパーグルメ | https://www.hotpepper.jp/strJ003941016/ | 2026-10-04 | 検索結果タイトルによる
佐賀嬉野|居酒屋・寿司 月創采膳&鮨處ありあけ様紹介ページ - まいにちぽけっと | https://www.kashimacity.com/eat/tuki/index.html | 2026-10-04 | 住所・電話・営業時間・国道34号嬉野郵便局前",中,2026-10-04,
onsen-shokudo,温泉食堂,おんせんしょくどう,飲食店,公開,確認済み,佐賀県嬉野市嬉野町大字岩屋川内甲321,33.087944,129.983288,概略,0954-43-0511,月～土・祝 11:00～14:30、17:30～20:00（るるぶ&more.）／ホットペッパーではランチ11:00～14:00,日曜,"ランチ
ディナー","温泉豆腐定食（温泉湯豆腐定食） | 1100 | るるぶ&more.掲載の（税込/税抜・掲載年不明） | https://rurubu.jp/andmore/spot/80039007
温泉湯豆腐定食 | 1100 | るるぶ&more の口コミおよび佐賀グルメブログ（yayoicafe.jp）に1,100円と記載。訪問時期不明 | https://rurubu.jp/andmore/spot/80039007
温泉湯豆腐（温泉豆腐） |  | 価格不明。口コミ「なめらかでとろける豆腐、大豆の風味が濃い」 | https://tabelog.com/saga/A4104/A410401/41000185/dtlrvwlst/B520843781/",,,,,,,,,"懐かしい骨董品が置かれた民芸調の店内
地元住民に長年愛される定食屋（ラーメン・定食も提供）
旅館大村屋のブログで「独創的な絶品メニューだらけ」と紹介
口コミによる: 豆腐好きに愛される穴場（Retty要約）
地元住民に愛される定食屋
古民家風・アンティーク家具の落ち着いた雰囲気
温泉湯豆腐定食（温泉水で炊いたやわらかい豆腐を胡麻だれで。ご飯・汁物・小鉢付き）が看板",岩屋川内の町の食堂で、みそ煮込みちゃんぽんなどと並び嬉野名物の温泉湯豆腐を出す。食べログの「後世に残したいお店」に選ばれており、口コミではとろける豆腐と濃い大豆の風味が評価されている。,,https://tabelog.com/saga/A4104/A410401/41000185/,https://retty.me/area/PRE41/ARE504/SUB50402/100001197943/,,,https://www.hotpepper.jp/strJ000630185/,,,," | https://rurubu.jp/andmore/spot/80039007
 | https://www.ekiten.jp/shop_2854205/
 | https://www.oomuraya.co.jp/kurashikanko/onsen-shokudo/
 | https://spa-u.net/facility/2016/01/org-entry-076.php
 | https://spa-u.net/facility/2019/01/post-134.php
ブログ | http://yayoicafe.jp/blog-entry-461.html
 | https://4travel.jp/dm_shisetsu/10856088
 | https://note.com/sazawe/n/n8046285fe7d1",3.09,31,,,"温泉食堂（嬉野/和食） - Retty | https://retty.me/area/PRE41/ARE504/SUB50402/100001197943/ | 2026-10-04 | 住所・電話、予算1,000円前後、湯豆腐定食が看板
温泉食堂(嬉野/その他グルメ) - ホットペッパーグルメ | https://www.hotpepper.jp/strJ000630185/ | 2026-10-04 | 湯豆腐定食、ランチ11:00〜14:00、999円以下
温泉食堂（佐賀県／嬉野温泉）のアクセス・営業時間・料金情報｜るるぶ&more. | https://rurubu.jp/andmore/spot/80039007 | 2026-10-04 | 営業時間・日曜定休・温泉豆腐定食1100円・民芸調
【嬉野】温泉食堂が独創的な絶品メニューだらけでロックだった - 旅館大村屋 | https://www.oomuraya.co.jp/kurashikanko/onsen-shokudo/ | 2026-10-04 | 検索結果タイトルによる
「温泉食堂(佐賀県嬉野市)」地元で愛される嬉野温泉の食堂で“温泉湯豆腐定食” - 佐賀グルメ | http://yayoicafe.jp/blog-entry-461.html | 2026-10-04 | ブログ訪問記（本文未取得）
温泉食堂（嬉野市） - エキテン | https://www.ekiten.jp/shop_2854205/ | 2026-10-04 | 営業時間 11:00-14:30LO/17:30-20:00LO、日曜定休
温泉食堂 クチコミ・アクセス・周辺情報｜嬉野温泉 - フォートラベル | https://4travel.jp/dm_shisetsu/10856088 | 2026-10-04 | 古民家風・アンティーク家具、温泉湯豆腐定食おすすめ
【グルメ】「温泉食堂」の「温泉湯豆腐」（佐賀県嬉野市）｜サザヱ（note） | https://note.com/sazawe/n/n8046285fe7d1 | 2026-10-04 | 検索結果に出現（本文未取得）
後世に残したいお店に選出されているお店、納得！(正直にレビューするくま) - 温泉食堂 [食べログ] | https://tabelog.com/saga/A4104/A410401/41000185/dtlrvwlst/B520843781/ | 2026-10-04 | WebSearch結果の要約による。住所・点数3.09・口コミ31件・予算・名物メニュー・口コミ内容
嬉野市でおすすめの美味しい定食・食堂 [食べログ] | https://tabelog.com/saga/A4104/A410401/rstLst/teishoku/ | 2026-10-04 | 検索結果要約で定休日「土・日」と表示",中,2026-10-04,
hirakawaya-ureshino,佐嘉平川屋 嬉野店,さがひらかわや うれしのてん,飲食店,公開,確認済み,佐賀県嬉野市嬉野町大字下宿乙1463,33.099522,129.983805,概略,0954-42-1241,物販 9:00～18:00、食事 10:00～18:00（L.O.17:00）／別資料では食事 L.O.16:00、カフェ 10:00～18:00,無休,"ランチ
テイクアウト
通販","嬉野温泉湯豆腐定食 | 1350 | Rettyメニュー一覧の掲載価格（掲載年不明、旧価格とみられる） | https://retty.me/area/PRE41/ARE504/SUB50402/100000884823/menu/
温泉湯豆腐定食 | 2000 | さがすたいる／旅館大村屋ランチ記事／Retty口コミの要約による（税込・税抜不明、2024〜2025年頃の価格とみられる）。豆腐・ごはんおかわり自由、白和え付きとの口コミ | https://saga-style.jp/shop/detail.php?id=3212
嬉野温泉湯豆腐定食 | 2500 | Yahoo!マップ掲載値。別の掲載では「平日1,080円」とする記述もあり（時期差の可能性） | https://map.yahoo.co.jp/v3/place/MrRKp0qy06I/menu
温泉湯豆腐セット（ぽん酢） | 578 | Yahoo!マップ掲載値 | https://map.yahoo.co.jp/v3/place/MrRKp0qy06I/menu
湯豆腐 | 1000 | 1,000円〜（Yahoo!マップ掲載値） | https://map.yahoo.co.jp/v3/place/MrRKp0qy06I/menu
濃い豆腐 | 240 | Yahoo!マップ掲載値 | https://map.yahoo.co.jp/v3/place/MrRKp0qy06I/menu
ごま豆腐 | 170 | Yahoo!マップ掲載値 | https://map.yahoo.co.jp/v3/place/MrRKp0qy06I/menu
湯豆腐定食（温泉湯豆腐の定食） | 2000 | 食べログ掲載メニューの表示価格（名称は食べログ表記）。税込/税抜・掲載年不明。内容: 温泉湯豆腐鍋、豆腐、野菜、薬味、白味噌和え、ご飯、漬物 | https://tabelog.com/saga/A4104/A410401/41003627/",,佐嘉平川屋（自社製・武雄温泉本店で製造）,hirakawaya-takeo,佐賀県産フクユタカ使用,https://saga-hirakawaya.jp/,嬉野温泉の温泉水（「日本三大美肌の湯」の温泉水で炊くとの記載。源泉名は確認できず）,,,"豆腐・ごはんおかわり自由（ホットペッパー・Retty口コミによる）
豆腐をまず何もつけずに、次に特製ポン酢・胡麻だれで食べる「平川屋流」
完全ヴィーガン対応メニューあり（あそぼーさが ベジタリアンガイド掲載）
カフェ併設。豆乳ソフト・豆乳もち・豆腐白玉の「平川屋パフェ」
ホットペッパーの掲載名は「佐賀平川屋 嬉野店」（表記揺れ）
物販（豆腐・とっても濃い豆腐など）と食事（温泉湯豆腐定食）を併設
嬉野温泉街の店舗",佐賀の豆腐専門店・佐嘉平川屋（1950年創業）が嬉野温泉街で営む直営店。温泉水で炊いた温泉湯豆腐の定食を豆腐・ごはんおかわり自由で提供し、Tripadvisorでは嬉野市内で高評価（4.3／26件）。カフェメニューや豆腐の土産販売も人気。,https://saga-hirakawaya.jp/,https://tabelog.com/saga/A4104/A410401/41003627/,https://retty.me/area/PRE41/ARE504/SUB50402/100000884823/,,https://r.gnavi.co.jp/jj84wt280000/,https://www.hotpepper.jp/strJ001268206/,,,,"トリップアドバイザー | https://www.tripadvisor.jp/Restaurant_Review-g1023551-d7500964-Reviews-Sakahirakawaya_Ureshino-Ureshino_Saga_Prefecture_Kyushu.html
 | https://saga-hirakawaya.jp/brand/product/yudofu/
 | https://saga-style.jp/shop/detail.php?id=3212
 | https://www.asobo-saga.jp/vegetarian-guide/detail/ba14b2ce-1ba3-42a9-b57d-40709d7e0224
 | https://retty.me/area/PRE41/ARE504/SUB50402/100000884823/menu/
 | https://map.yahoo.co.jp/v3/place/MrRKp0qy06I/menu
 | https://4travel.jp/dm_shisetsu/11279918
 | https://tabelog.com/saga/A4104/A410401/41003627/dtlrvwlst/",3.57,,,,"佐嘉平川屋 嬉野店（嬉野/豆腐料理・湯葉料理） - Retty | https://retty.me/area/PRE41/ARE504/SUB50402/100000884823/ | 2026-10-04 | 温泉湯豆腐定食2,000円、ごはん・豆腐おかわり自由、白和えが美味（口コミによる）
メニュー一覧：佐嘉平川屋 嬉野店 - Retty | https://retty.me/area/PRE41/ARE504/SUB50402/100000884823/menu/ | 2026-10-04 | 嬉野温泉湯豆腐定食 1,350円（掲載年不明）
佐嘉平川屋 嬉野店（地図/嬉野・鹿島・太良/日本料理） - 楽天ぐるなび | https://r.gnavi.co.jp/jj84wt280000/ | 2026-10-04 | 日本三大美肌の湯の温泉水で炊く嬉野名物温泉湯豆腐、創業60年超の豆腐店（掲載時点）
佐賀平川屋 嬉野店(嬉野/和食) - ホットペッパーグルメ | https://www.hotpepper.jp/strJ001268206/ | 2026-10-04 | 豆腐・ごはんおかわり自由の温泉湯豆腐定食
トロトロ湯豆腐が美味しい。 - 佐嘉平川屋 嬉野店の口コミ - トリップアドバイザー | https://www.tripadvisor.jp/ShowUserReviews-g1023551-d7500964-r489239961-Sakahirakawaya_Ureshino-Ureshino_Saga_Prefecture_Kyushu.html | 2026-10-04 | 口コミによる。検索結果要約で評価4.3・口コミ26件・和食ジャンル。店舗ページURLはID(d7500964)からRestaurant_Re
お豆腐をおみあげに / 朝10時台が狙い目 - 佐嘉平川屋 嬉野店の口コミ - トリップアドバイザー | https://www.tripadvisor.jp/ShowUserReviews-g1023551-d7500964-r561112654-Sakahirakawaya_Ureshino-Ureshino_Saga_Prefecture_Kyushu.html | 2026-10-04 | 口コミによる
佐嘉平川屋 嬉野店｜お店を探す｜さがすたいる | https://saga-style.jp/shop/detail.php?id=3212 | 2026-10-04 | 創業70余年、佐賀産大豆、ポン酢・ごまダレ、温泉湯豆腐定食2,000円、営業9〜18時・食事10〜18時（LO17時）
佐嘉平川屋 和多屋別荘店｜和多屋別荘（創業1950年の記載） | https://wataya.co.jp/facility/hirakawaya | 2026-10-04 | 1950年創業の豆腐専門店
佐嘉平川屋 嬉野店 クチコミ・アクセス（4travel） | https://4travel.jp/dm_shisetsu/11279918 | 2026-10-04 | （住所・電話・営業時間）
メニュー : 佐嘉平川屋 嬉野店（Yahoo!マップ） | https://map.yahoo.co.jp/v3/place/MrRKp0qy06I/menu | 2026-10-04 | （メニュー価格）",中,2026-10-04,"電話番号は資料により 0954-42-1241 / 0954-43-1241 の2表記。定食価格も 2,000円/2,500円/旧1,350円 と資料で異なるため要確認"
shizu,割烹 志津,しづ,飲食店,公開,確認済み,佐賀県嬉野市嬉野町大字岩屋川内甲124-1,33.087944,129.983288,概略,0954-42-1924,,,"ランチ
ディナー",嬉野温泉湯豆腐 | 770 | 食べログ掲載メニューの要約による。税込/税抜・掲載年不明（700円+10%税と整合）。豆腐のほか白菜・きのこ・豚肉などが入る | https://tabelog.com/saga/A4104/A410401/41002829/,,,,,,,,,"創業40年以上、地元に愛される割烹（要約による）
新鮮な刺身、会席、各種定食
ジャンル: 海鮮（割烹・小料理）",岩屋川内にある創業40年以上の割烹で、刺身や会席とともに具だくさんの嬉野温泉湯豆腐を770円で提供する。地元客に長く愛される店として口コミされている。,,https://tabelog.com/saga/A4104/A410401/41002829/,https://retty.me/area/PRE41/ARE504/SUB50402/100001132004/,,,,,,," | https://map.yahoo.co.jp/v3/place/Z1kt0jjVpw6
 | https://www.tabirai.net/sightseeing/column/0002551.aspx",3.15,22,,,"割烹 志津 - 嬉野温泉/海鮮 [食べログ] | https://tabelog.com/saga/A4104/A410401/41002829/ | 2026-10-04 | WebSearch結果の要約による。住所・電話・点数3.15・口コミ22件・嬉野温泉湯豆腐770円・創業40年以上
割烹 志津 - 嬉野市嬉野町大字岩屋川内/割烹・小料理屋 (Yahoo!マップ) | https://map.yahoo.co.jp/v3/place/Z1kt0jjVpw6 | 2026-10-04 | 検索結果に出た外部ページ（未閲覧）
食事処 志津／嬉野温泉 (tabirai) | https://www.tabirai.net/sightseeing/column/0002551.aspx | 2026-10-04 | 検索結果に出た外部記事（プロキシ遮断のため未閲覧）",中,2026-10-04,
shinpachi,新八寿司,しんぱちずし,飲食店,公開,確認済み,佐賀県嬉野市嬉野町大字下宿乙2285,33.099522,129.983805,概略,0954-43-2128,11:00～21:30（フォートラベル等の要約）／ホットペッパー掲載では 11:00～23:00,火曜,ランチ,"寿司と湯豆腐のランチセット（握り寿司 or ちらしを選択） | 1300 | 税込（、掲載年不明）。ホットペッパー・Tripadvisor・spa-u.netでも「温泉湯豆腐とにぎり 1,300円」として言及 | https://www.hotpepper.jp/strJ000630198/",,,,,,,,,"寿司店で嬉野名物の温泉湯豆腐がセットで味わえる
口コミによる: 温泉湯豆腐がトロトロ（Tripadvisor要約）
Instagramあり（@shinpachizushi）
HAMONIでネット予約可","嬉野温泉街の寿司店。昼は握りまたはちらし寿司に温泉湯豆腐を組み合わせたランチセット（1,300円）が人気で、ホットペッパー・Tripadvisor（評価3.9／12件、検索結果要約による）に掲載。食べログではジャンル「豆腐料理」で登録されるほど湯豆腐が知られている。",,https://tabelog.com/saga/A4104/A410401/41003594/,,,,https://www.hotpepper.jp/strJ000630198/,,,https://www.instagram.com/shinpachizushi/," | https://map.yahoo.co.jp/v3/place/6pFoJDi0dSc/review
 | https://4travel.jp/dm_shisetsu/11279889
 | https://hamoni.jp/shop/iVo7h6q8A12C3w3iFEgnGFtXjf1omqUm
 | https://spa-u.net/facility/2016/01/org-entry-044.php",,,,,"新八寿司(嬉野/和食) - ホットペッパーグルメ | https://www.hotpepper.jp/strJ000630198/ | 2026-10-04 | 住所、営業時間11:00-23:00、寿司と湯豆腐のランチセット1,300円
嬉野市のランチ:安くて美味しい人気店 - トリップアドバイザー（嬉野市レストラン一覧） | https://www.tripadvisor.jp/Restaurants-g1023551-zfp30-Ureshino_Saga_Prefecture_Kyushu.html | 2026-10-04 | 検索結果要約で「Shinpachi Sushi 評価3.9・口コミ12件、温泉湯豆腐がトロトロ」。個別店舗ページURLは検索結果に出ず未取得
新八寿司 クチコミ・アクセス・周辺情報｜嬉野温泉 - フォートラベル | https://4travel.jp/dm_shisetsu/11279889 | 2026-10-04 | 電話、営業時間11:00〜21:30、火曜定休
寿司 新八寿司 shinpachi sushi - 嬉野温泉観光協会 | https://spa-u.net/facility/2016/01/org-entry-044.php | 2026-10-04 | 昼は温泉湯豆腐とにぎり1,300円",中,2026-10-04,
suzushiro,ダイニング すずしろ,すずしろ,飲食店,要確認,確認済み,佐賀県嬉野市嬉野町大字下宿乙1116-1,33.099522,129.983805,概略,0954-42-3288,ランチ 11:30～14:00、ディナー 17:30～23:00（日曜夜は予約のみ）,水曜,,温泉湯豆腐（ちらし寿司等と提供。メニュー名・価格は未取得） |  | Tripadvisor検索結果要約で「温泉湯豆腐とちらし寿司を提供する和食店」と言及。価格は未取得 | https://retty.me/area/PRE41/ARE504/SUB50402/100000863939/menu/,,,,,,,,,"料理番組で知られる「鉄人」シェフの店（サガテレビ kachi kachi plus、たびらい）
地産地消でリーズナブルな創作和食、大根料理が名物
HAMONIでネット予約可",嬉野温泉街の創作和食店。料理番組で知られるシェフが地産地消の料理を手頃に提供し、温泉湯豆腐やちらし寿司も出す。Retty・ホットペッパーに店舗ページがあり、Tripadvisorの検索結果でも言及されている。,https://d-suzushiro.com/,https://tabelog.com/saga/A4104/A410401/41005083/,https://retty.me/area/PRE41/ARE504/SUB50402/100000863939/,,,https://www.hotpepper.jp/strJ004309327/,,,," | https://retty.me/area/PRE41/ARE504/SUB50402/100000863939/menu/
 | https://www.sagatv.co.jp/kachiplus/media/archives/1648119
 | https://www.tabirai.net/sightseeing/column/0007974.aspx
 | https://hamoni.jp/shop/YNWQ0x7GZ1BqFLf8cRd8",,,,,"ダイニング すずしろ(嬉野/日本料理) - Retty | https://retty.me/area/PRE41/ARE504/SUB50402/100000863939/ | 2026-10-04 | 検索結果タイトルによる
ダイニングすずしろ(嬉野/和食) - ホットペッパーグルメ | https://www.hotpepper.jp/strJ004309327/ | 2026-10-04 | 検索結果タイトルによる
ダイニングすずしろ - 食べログ／公式サイト アクセス | https://d-suzushiro.com/%E3%82%A2%E3%82%AF%E3%82%BB%E3%82%B9/ | 2026-10-04 | 住所・電話・営業時間・定休日
THE 10 BEST Restaurants Near Ureshino Onsen - Tripadvisor | https://www.tripadvisor.com/RestaurantsNear-g1023551-d1425134-Ureshino_Onsen-Ureshino_Saga_Prefecture_Kyushu.html | 2026-10-04 | 検索結果要約で「Dining Suzushiro: 温泉湯豆腐とちらし寿司を提供する和食（海鮮）店」。個別ページURLは未取得",低,2026-10-04,
sengoku,やきとり戦国,せんごく,飲食店,要確認,確認済み,佐賀県嬉野市（番地未取得）,,,不明,,,,,温泉湯豆腐・温泉うどん（同じ鍋で提供） |  | Tripadvisor（口コミによる）。価格未取得 | https://www.tripadvisor.jp/Restaurant_Review-g1023551-d13246986-Reviews-Yakitori_Sengoku-Ureshino_Saga_Prefecture_Kyushu.html,,,,,,,,,"焼鳥店だが温泉湯豆腐と温泉うどんを同じ鍋で楽しめる（口コミによる）
Tripadvisor口コミ4件",嬉野市の焼鳥店。Tripadvisorの口コミで、温泉湯豆腐と温泉うどんを同じ鍋で味わえると言及されている。住所・価格などの基本情報は検索結果から取得できなかった。,,,,,,,,,,トリップアドバイザー | https://www.tripadvisor.jp/Restaurant_Review-g1023551-d13246986-Reviews-Yakitori_Sengoku-Ureshino_Saga_Prefecture_Kyushu.html,,,,,やきとり戦国 (嬉野市) の口コミ4件 - トリップアドバイザー | https://www.tripadvisor.jp/Restaurant_Review-g1023551-d13246986-Reviews-Yakitori_Sengoku-Ureshino_Saga_Prefecture_Kyushu.html | 2026-10-04 | 検索結果タイトル・要約による（口コミによる湯豆腐の言及）,低,2026-10-04,
yokocho,宗庵よこ長,そうあん よこちょう,飲食店,公開,確認済み,佐賀県嬉野市嬉野町大字下宿乙2190,33.0969567,129.9835744,正確,0954-42-0563,10:30～15:30、17:30～21:00（20:30 L.O.）,水曜（祝日の場合は振替）、1月1日,"ランチ
ディナー
テイクアウト
通販","湯どうふ定食 | 1080 | 掲載年不明。消費税8%時代（2014〜2019年頃）の価格表記とみられる。るるぶ&more.等の | https://rurubu.jp/andmore/spot/80038993
特選湯どうふ定食 | 1320 | 掲載年不明。同上。ぐるなび掲載ページでも「湯どうふ定食・特選湯どうふ定食」の提供が言及 | https://r.gnavi.co.jp/44nvwhz60000/
魚ちり湯どうふ（ヒルナンデス!紹介） |  | 価格未取得 | https://www.activitv.com/entry/hirunan_191126_saga_tofu/
【通販】温泉湯どうふセット 2丁入り（自家製木綿豆腐・調理水1本・たれ2本） | 1880 | 税込・送料別 | https://yococho.shop-pro.jp/
【通販】温泉湯どうふセット 3丁入り（自家製木綿豆腐3丁・調理水1本・たれ2本、1丁約2人分） | 2250 | 税込・送料別 | https://yococho.shop-pro.jp/?pid=81793510
【通販】温泉湯どうふセット 4丁入り | 3210 | 税込・送料別 | https://yococho.shop-pro.jp/
湯どうふ定食 | 850 | 食べログ掲載メニュー（ランチメニューページ）の表示価格。税込/税抜・掲載年不明。「最も人気のメニュー」として掲載。旧価格の可能性あり | https://tabelog.com/saga/A4104/A410401/41000038/dtlmenu/lunch/",,自家製（製造部門「豆匠よこ長」）,yokocho,佐賀県産大豆100%・本にがりの木綿豆腐,https://yococho.com/,嬉野温泉の温泉水（源泉名の記載は確認できず）,,,"温泉湯どうふ発祥の店（1957年創業）
『美味しんぼ』39巻に登場
水曜定休
温泉公園・嬉野観光ホテル大正屋の近く（ぐるなび掲載情報）
ランチ・ディナーともに営業
ほのかな甘みととろける食感
嬉野温泉湯どうふ協議会会員",嬉野温泉街の中心にある温泉湯どうふ発祥の店。1957年創業で、本にがりの自家製木綿豆腐を温泉水で煮込み、豆乳色にとろけた湯どうふを定食で提供する。Retty・ぐるなび・ホットペッパー・Tripadvisorのいずれにも掲載があり、嬉野で最も知られた湯どうふ店。,https://yococho.com/,https://tabelog.com/saga/A4104/A410401/41000038/,https://retty.me/area/PRE41/ARE504/SUB50402/100000029454/,,https://r.gnavi.co.jp/44nvwhz60000/,https://www.hotpepper.jp/strJ000113036/,,,,"トリップアドバイザー | https://www.tripadvisor.jp/Restaurant_Review-g1023551-d1535532-Reviews-Soan_Yokocho-Ureshino_Saga_Prefecture_Kyushu.html
 | https://rurubu.jp/andmore/spot/80038993
 | https://www.jalan.net/gourmet/grm_guide000000153943/
 | https://travel.yahoo.co.jp/kanko/spot-00005274/
 | https://saga-style.jp/shop/detail.php?id=2394
 | https://www.tabirai.net/sightseeing/column/0002552.aspx
 | https://gurutabi.gnavi.co.jp/a/a_1547/
オンラインショップ | https://yococho.shop-pro.jp/",3.55,532,,,"宗庵 よこ長 - Retty | https://retty.me/area/PRE41/ARE504/SUB50402/100000029454/ | 2026-10-04 | 自家製のとろける豆腐、温泉湯どうふ発祥の店、予算2,000円前後、「72」という件数表示（行きたい数か口コミ数か要約からは判別不能）
宗庵よこ長（地図/写真/嬉野・鹿島・太良/日本料理） - 楽天ぐるなび | https://r.gnavi.co.jp/44nvwhz60000/ | 2026-10-04 | 温泉公園・大正屋近く、湯どうふ定食・特選湯どうふ定食
宋庵 よこ長(嬉野/その他グルメ) - ホットペッパーグルメ | https://www.hotpepper.jp/strJ000113036/ | 2026-10-04 | ホットペッパー側の店名表記は「宋庵」（誤記とみられる）
予約した方が良いかも。 - 宗庵よこ長の口コミ - トリップアドバイザー | https://www.tripadvisor.jp/ShowUserReviews-g1023551-d1535532-r734072831-Soan_Yokocho-Ureshino_Saga_Prefecture_Kyushu.html | 2026-10-04 | 口コミによる。店舗ページURLはこのレビューURLのID(d1535532)からRestaurant_Review形式で構成
宗庵よこ長（佐賀県／嬉野温泉）のアクセス・営業時間・料金情報｜るるぶ&more. | https://rurubu.jp/andmore/spot/80038993 | 2026-10-04 | 住所・電話・営業時間・定休日・定食価格・『美味しんぼ』・本にがり木綿豆腐
温泉水で炊いた「嬉野温泉湯どうふ」は、ほろりととろける奇跡の口どけ - ぐるたび | https://gurutabi.gnavi.co.jp/a/a_1547/ | 2026-10-04 | 1957年創業、豆腐店発祥、嬉野市内で温泉湯どうふを食べられる店は15店との記述
「宗庵 よこ長」こだわりの自家製豆腐を使った温泉湯どうふ発祥の店／嬉野 - たびらい | https://www.tabirai.net/sightseeing/column/0002552.aspx | 2026-10-04 | 検索結果タイトルによる
宗庵 よこ長（グーペ公式ページ） | https://r.goope.jp/sr-41-4120910078/ | 2026-10-04 | （住所・電話・営業時間・定休日・定食価格）
宗庵よこ長（あそぼーさが） | https://www.asobo-saga.jp/gourmets/search/detail/40258f04-2eda-4f1a-a531-c43c5dba6cd1 | 2026-10-04 | （昭和32年創業、佐賀県産大豆100%、弱アルカリ泉）
嬉野名物 温泉湯どうふ 宗庵よこ長（公式通販） | https://yococho.shop-pro.jp/ | 2026-10-04 | （通販セット価格）",高,2026-10-04,座標は観光情報サイト（こころから）掲載値
tosho,お食事処 十笑（藤川豆腐店直営）,とうふ,飲食店,公開,確認済み,佐賀県嬉野市嬉野町大字下宿丙64-1,33.095065,129.972076,概略,0954-43-1683,月・火・金・土・日: 朝食 8:00～10:00、ランチ 11:00～16:00（L.O.15:00）,水曜・木曜,"朝食
ランチ","温泉湯豆腐定食（朝食） | 1500 | 佐賀新聞記事の要約による（税込/税抜不明、記事掲載年不明）。嬉野産大豆の出来立て豆腐使用 | https://www.saga-s.co.jp/articles/-/1297827
十笑御膳（ランチ、限定20食、温泉湯どうふ付き） | 1600 | 佐賀新聞記事・食べログの要約による（税込/税抜不明） | https://www.saga-s.co.jp/articles/-/1297827
おぼろ豆腐 佐賀県産豚冷しゃぶ定食（夏季限定） | 1600 | 佐賀新聞記事の要約による | https://www.saga-s.co.jp/articles/-/1297827
佐賀県産豚しゃぶ定食（ランチ） | 2300 | 旅館大村屋ブログ・食べログの要約による | https://www.oomuraya.co.jp/kurashikanko/fujikawa-tofu/
麻婆豆腐丼 | 980 | 食べログ掲載情報の要約による | https://tabelog.com/saga/A4104/A410401/41008065/
温泉湯豆腐定食（朝食、湯豆腐おかわり自由） | 1500 | 佐賀新聞掲載時点 | https://www.saga-s.co.jp/articles/-/1297827
十笑御膳（20食限定） | 1600 | 大村屋記事掲載時点 | https://www.oomuraya.co.jp/kurashikanko/fujikawa-tofu/
麻婆豆腐丼、豆腐パフェ |  | 価格未取得 | https://www.oomuraya.co.jp/kurashikanko/fujikawa-tofu/
湯豆腐（温泉湯豆腐） |  | 価格不明。食べログジャンル「豆腐料理」、口コミ「さすが豆腐屋さんです」 | https://tabelog.com/saga/A4104/A410401/41008065/dtlrvwlst/",,藤川豆腐店（自家製・隣接工場）,fujikawa,嬉野市産大豆ふくゆたか100%,https://www.fujikawa102.com/,温泉調理水（嬉野温泉水）,,,"創業50年超の藤川豆腐店の直営食事処（佐賀新聞記事では「56年の歴史」）
朝食・ランチの豆腐はおかわり自由（食べログ掲載情報の要約による）
豆腐パフェ、麻婆豆腐丼も人気
うれしの茶サポーターの店
Rettyは「藤川豆腐店」名で掲載、ぐるなびは「藤川豆腐店 お食事どころ 十笑」名で掲載
藤川豆腐店直営
豆腐直売所が運営する豆腐料理店（要約による）",嬉野市産大豆ふくゆたか100%の温泉湯どうふを製造する藤川豆腐店が、工場隣で営む直営食事処。朝食の温泉湯豆腐定食や限定20食の十笑御膳で出来立て豆腐をおかわり自由で味わえる。Rettyとぐるなびに掲載。,https://www.fujikawa102.com/,https://tabelog.com/saga/A4104/A410401/41008065/,https://retty.me/area/PRE41/ARE504/SUB50402/100001323397/,,https://r.gnavi.co.jp/69wa7dst0000/,,,,," | https://www.fujikawa102.com/view/page/shop
 | https://www.saga-s.co.jp/articles/-/1297827
 | https://www.oomuraya.co.jp/kurashikanko/fujikawa-tofu/
 | https://saga888.jp/ureshinocha/supporter/archives/109
 | https://tabelog.com/saga/A4104/A410401/41008065/dtlmap/",3.05,5,,,"藤川豆腐店 - Retty | https://retty.me/area/PRE41/ARE504/SUB50402/100001323397/ | 2026-10-04 | 豆腐料理・湯葉料理、嬉野温泉駅からタクシー
藤川豆腐店 お食事どころ 十笑（地図/嬉野・鹿島・太良/豆腐料理） - 楽天ぐるなび | https://r.gnavi.co.jp/69wa7dst0000/ | 2026-10-04 | 〒843-0301 嬉野町下宿乙64-1
お食事処 十笑 （とうふ） - 嬉野温泉/豆腐料理 - 食べログ | https://tabelog.com/saga/A4104/A410401/41008065/ | 2026-10-04 | 営業時間・定休日・電話・価格帯・豆腐おかわり自由
嬉野名物温泉湯豆腐 とろける口当たり、ヘルシー料理 直営店でできたてを - 佐賀新聞 | https://www.saga-s.co.jp/articles/-/1297827 | 2026-10-04 | 朝食温泉湯豆腐定食1,500円、十笑御膳1,600円（限定20食）、56年の藤川豆腐店
藤川豆腐店直営の十笑で温泉湯どうふを堪能！ - 旅館大村屋 | https://www.oomuraya.co.jp/kurashikanko/fujikawa-tofu/ | 2026-10-04 | 朝食8〜10時、ランチ11〜16時、豚しゃぶ定食2,300円
嬉野市産大豆ふくゆたか100%「嬉野温泉湯どうふ」藤川豆腐店（公式） | https://www.fujikawa102.com/ | 2026-10-04 | 検索結果タイトルによる
藤川とうふ店 直営お食事処 十笑（うれしの茶サポーターの店） | https://saga888.jp/ureshinocha/supporter/archives/109 | 2026-10-04 | （営業時間・定休日）
口コミ一覧 : お食事処 十笑 （とうふ） - 嬉野温泉/豆腐料理 [食べログ] | https://tabelog.com/saga/A4104/A410401/41008065/dtlrvwlst/ | 2026-10-04 | WebSearch結果の要約による。住所・電話・点数3.05・口コミ5件・予算・水曜定休・支払い方法
地図 : お食事処 十笑 [食べログ] | https://tabelog.com/saga/A4104/A410401/41008065/dtlmap/?lid=rstdtl_top_map | 2026-10-04 | 検索結果で住所を確認",中,2026-10-04,
shun,居酒屋 旬,とき,飲食店,要確認,確認済み,佐賀県嬉野市（番地未取得）,,,不明,,,,ディナー,温泉湯豆腐（単品） | 500 | 食べログ「温泉湯豆腐」キーワード検索結果の要約による。税込/税抜・掲載年不明 | https://tabelog.com/keywords/%E6%B8%A9%E6%B3%89%E6%B9%AF%E8%B1%86%E8%85%90/saga/A4104/A410401/kwdLst/,,,,,,,,,"内陸ながら魚介が新鮮との評価（要約による）
居酒屋で温泉湯豆腐を単品提供",嬉野市内の居酒屋で、新鮮な魚介を売りにしつつ名物の温泉湯豆腐を単品500円で提供する。食べログの温泉湯豆腐キーワード一覧に掲載。,,,,,,,,,,,,,,,"嬉野市でおすすめのグルメ情報(温泉湯豆腐) [食べログ]（検索結果要約） | https://tabelog.com/keywords/%E6%B8%A9%E6%B3%89%E6%B9%AF%E8%B1%86%E8%85%90/saga/A4104/A410401/kwdLst/ | 2026-10-04 | WebSearch結果の要約で「居酒屋 旬 温泉湯豆腐500円、予算¥4,000〜¥4,999、読み『とき』」と表示。店舗ページURLは取得",低,2026-10-04,
maneki,まねき寿司（Maneki Sushi）,まねきずし,飲食店,要確認,確認済み,佐賀県嬉野市（番地未取得）,,,不明,,,,,寿司と湯豆腐（ランチ、メニュー名・価格未取得） |  | 価格未取得。Tripadvisor嬉野市ランチ一覧の | https://www.tripadvisor.jp/Restaurants-g1023551-zfp30-Ureshino_Saga_Prefecture_Kyushu.html,,,,,,,,,Tripadvisor評価4.7（口コミ10件）、ランチで寿司と湯豆腐（検索結果要約による）,Tripadvisorの嬉野市ランチ一覧で、寿司と湯豆腐を提供する店として評価4.7（10件）とされる寿司店。個別ページURLや日本語店名・住所は検索結果から確認できなかった。,,,,,,,,,,トリップアドバイザー | https://www.tripadvisor.jp/Restaurants-g1023551-zfp30-Ureshino_Saga_Prefecture_Kyushu.html,,,,,嬉野市のランチ:安くて美味しい人気店だけご紹介 - トリップアドバイザー | https://www.tripadvisor.jp/Restaurants-g1023551-zfp30-Ureshino_Saga_Prefecture_Kyushu.html | 2026-10-04 | （Maneki Sushi 4.7/10件、寿司と湯豆腐）。一覧ページのURLのみで個別ページは未取得,低,2026-10-04,日本語表記・所在地未確認。新八寿司等と同一店の可能性も含め要確認
musashi,和庵 武蔵 hanare,むさし はなれ,飲食店,公開,確認済み,佐賀県嬉野市嬉野町大字下宿乙826,33.099522,129.983805,概略,0954-43-2936,月～水・金・祝前日 17:00～22:30／土・日・祝 11:00～14:30、17:00～22:30,木曜,"ランチ
ディナー",極 武蔵御膳（嬉野温泉湯豆腐付） | 3580 | 税込（ホットペッパー掲載情報の、掲載年不明） | https://www.hotpepper.jp/strJ004623000/,,,,,,,,,"嬉野温泉駅から車で5分
ホットペッパーでネット予約可
口コミによる: 嬉野名物の湯豆腐が名物料理（Tripadvisor、口コミ1件）
Instagramあり（@musashi_hanare）
食べログジャンル: 豆腐料理・天ぷら
嬉野温泉駅から約1,661m
食べログ「嬉野市 湯豆腐」キーワード一覧の検索結果に登場","嬉野温泉街の和食店。嬉野温泉湯豆腐付きの「極 武蔵御膳」（3,580円税込）など御膳料理を提供し、週末はランチ営業も行う。ホットペッパー（ネット予約可）とTripadvisorに掲載。",,https://tabelog.com/saga/A4104/A410401/41006399/,,,,https://www.hotpepper.jp/strJ004623000/,,,https://www.instagram.com/musashi_hanare/,トリップアドバイザー | https://www.tripadvisor.jp/Restaurant_Review-g1023551-d13270565-Reviews-Kazuan_Musashi_Hanare-Ureshino_Saga_Prefecture_Kyushu.html,3.05,8,,,"和庵 武蔵hanare(嬉野/和食)＜ネット予約可 - ホットペッパーグルメ | https://www.hotpepper.jp/strJ004623000/ | 2026-10-04 | 住所・電話・営業時間・定休日・極 武蔵御膳3,580円税込
和庵武蔵hanare (嬉野市) の口コミ1件 - トリップアドバイザー | https://www.tripadvisor.jp/Restaurant_Review-g1023551-d13270565-Reviews-Kazuan_Musashi_Hanare-Ureshino_Saga_Prefecture_Kyushu.html | 2026-10-04 | 検索結果タイトル・要約による。口コミ1件
和庵 武蔵 ハナレ - 嬉野温泉駅/豆腐料理､ 天ぷら [食べログ] | https://tabelog.com/saga/A4104/A410401/41006399/ | 2026-10-04 | WebSearch結果の要約による。住所・点数3.05・口コミ8件・保存45件・ジャンル",中,2026-10-04,
yurari,ゆらり亭,ゆらりてい,飲食店,要確認,確認済み,佐賀県嬉野市嬉野町大字下野甲5700-17,33.100331,130.00119,概略,0954-42-1570,火～日 11:00～15:00、18:00～22:00,月曜,,温泉湯どうふ |  | 価格未取得。Tripadvisor口コミ・spa-u.net要約で提供が言及されるのみ | https://www.tripadvisor.jp/Restaurant_Review-g1023551-d13264333-Reviews-Swaying_Tei-Ureshino_Saga_Prefecture_Kyushu.html,,,,,,,,,"地元食材を多用した居酒屋（食べログ分類）
「うれしのSHUプリン」を販売（嬉野温泉観光協会ページ）
口コミによる: 雰囲気の良い隠れ家で嬉野名物の温泉湯豆腐が食べられる（Tripadvisor、口コミ1件）",嬉野温泉の下野地区にある居酒屋兼食事処。地元食材のメニューに嬉野名物の温泉湯どうふを揃え、Tripadvisorでは隠れ家的な店として口コミがある。昼夜営業で月曜定休。,,https://tabelog.com/saga/A4104/A410401/41007825/,,,,,,,,"トリップアドバイザー | https://www.tripadvisor.jp/Restaurant_Review-g1023551-d13264333-Reviews-Swaying_Tei-Ureshino_Saga_Prefecture_Kyushu.html
 | https://spa-u.net/facility/2019/01/post-151.php",,,,,"ゆらり亭 (嬉野市) の口コミ1件 - トリップアドバイザー | https://www.tripadvisor.jp/Restaurant_Review-g1023551-d13264333-Reviews-Swaying_Tei-Ureshino_Saga_Prefecture_Kyushu.html | 2026-10-04 | 検索結果タイトル・要約による。口コミによる温泉湯豆腐の言及
ゆらり亭 - 嬉野温泉/居酒屋 - 食べログ | https://tabelog.com/saga/A4104/A410401/41007825/ | 2026-10-04 | 電話・住所・営業時間・定休日
ゆらり亭/ うれしのSHUプリン - 嬉野温泉観光協会 | https://spa-u.net/facility/2019/01/post-151.php | 2026-10-04 | 検索結果タイトルによる",低,2026-10-04,
rakuya,restaurant&cafe RAKUYA,らくや,飲食店,要確認,確認済み,佐賀県嬉野市塩田町（番地未確認）,33.128672,130.047784,概略,,,,,湯豆腐を使った期間限定メニュー（名称・価格不明） |  | 価格未取得。nap-camp 記事要約に「湯豆腐を使った期間限定メニューも提供」とのみ記載 | https://www.nap-camp.com/mag/48970,,,,,,,,,"古民家カフェ（塩田エリア）
湯豆腐を使った期間限定メニューの記載あり
塩田町の古民家をリノベーションしたカフェレストラン
木の温もりのある落ち着いた空間
人気メニューはアリゴオムライス",嬉野市塩田町の古民家リノベーションカフェ。定番のアリゴオムライスのほか、湯豆腐を使った期間限定メニューを提供していたとランチ特集記事で紹介されている（塩田エリアで湯豆腐メニューが確認できた唯一の店）。,,,,,,,,,, | https://www.nap-camp.com/mag/48970,,,,,嬉野のおすすめ人気ランチ10選！安くて美味しいランチからおしゃれなお店まで（nap-camp） | https://www.nap-camp.com/mag/48970 | 2026-10-04 | 記事日付未確認、期間限定のため現行提供は不明,低,2026-10-04,
rikyu,日本料理 利休（和多屋別荘）,りきゅう,飲食店,公開,確認済み,佐賀県嬉野市嬉野町大字下宿乙738 和多屋別荘内,33.099522,129.983805,概略,,ランチ（週末限定）: 日・祝 12:00～14:00（最終入店13:00）／ディナー懐石あり（時間は未取得）,,"ランチ
日帰り
予約制","湯どうふ膳（前菜・造里・温泉湯どうふ・鍋野菜・小鉢・御飯・汁物・香物） | 2750 | 和多屋別荘公式メニューPDFの表記（税込とみられる、掲載年不明） | https://www.wataya.co.jp/assets/img/facility/index/detail/pdf/facility_rikyu.pdf
茶しゃぶ膳 | 3300 | 同PDF。湯どうふ付きかは未確認 | https://www.wataya.co.jp/assets/img/facility/index/detail/pdf/facility_rikyu.pdf
ランチ「お茶と温泉どうふ」 | 3500 | 税込。和多屋別荘イベント告知【週末限定】「利休」「李荘庵」ランチスタート（掲載年不明） | https://wataya.co.jp/event/%E3%80%90%E9%80%B1%E6%9C%AB%E9%99%90%E5%AE%9A%E3%80%91%E3%80%8C%E5%88%A9%E4%BC%91%E3%80%8D%E3%80%8C%E6%9D%8E%E8%8D%98%E5%BA%B5%E3%80%8D%E3%83%A9%E3%83%B3%E3%83%81%E3%82%B9%E3%82%BF%E3%83%BC%E3%83%88
特選湯どうふ懐石 | 2700 | ホットペッパー掲載情報の（掲載年不明、旧価格の可能性） | https://www.hotpepper.jp/strJ000989185/
湯どうふ懐石 | 1944 | 旧メニュー例（税込8%時代の価格表記とみられる、掲載年不明） | https://www.hotpepper.jp/strJ000989185/
利休懐石「会」kai（夕食） | 6600 | 公式PDF。湯どうふが含まれるかは未確認 | https://www.wataya.co.jp/assets/img/facility/index/detail/pdf/facility_rikyu.pdf
湯どうふ御膳 | 1680 | 食べログ掲載情報の要約による。内容: 嬉野温泉名物湯どうふ、揚げ出し豆腐、小鉢2品、サラダ、ご飯、味噌汁、漬物。税込/税抜・掲載年不明 | https://tabelog.com/saga/A4104/A410401/41000443/dtlrvwlst/B112811762/
温泉湯豆腐の定食（湯豆腐・ご飯・汁・漬物） | 1785 | 口コミによる（1,785円は5%税込時代の価格の可能性が高く、古い情報と思われる） | https://tabelog.com/saga/A4104/A410401/41000443/dtlrvwlst/B112811762/
温泉湯豆腐しゃぶランチ | 2200 | 食べログ掲載情報の要約による。税込/税抜・掲載年不明。同時に「豚とろしゃぶランチ 1,800円」の記載あり | https://tabelog.com/saga/A4104/A410401/41000443/",,,,,,温泉水でトロトロになった豆腐（ホットペッパー要約による。源泉名は記載なし）,,,"2021年3月18日オープン、全席半個室、コンセプトは「和敬清寂」（食べログ口コミによる）
地元酒蔵・瀬頭酒造とうれしの茶農家・きたの茶園とのコラボローカルレストラン（ホットペッパー掲載情報）
週末限定ランチ（日・祝）
旅館 和多屋別荘館内
和多屋別荘内の日本料理店（ジャンル: 日本料理・豆腐料理・豚しゃぶ）
1,500円以上の食事で日帰り入浴が無料になるとの記載（口コミ/要約による）
利休懐石・会(kai)のコースあり（食べログコースページ）",嬉野温泉の旅館・和多屋別荘内にある日本料理店。全席半個室で、温泉湯どうふを組み込んだ「湯どうふ膳」や湯どうふ懐石を昼に提供し、夜は懐石コース。ホットペッパーに掲載があり、Rettyの嬉野和食ランチ特集にも取り上げられている。,https://wataya.co.jp/,https://tabelog.com/saga/A4104/A410401/41000443/,,,,https://www.hotpepper.jp/strJ000989185/,,,," | https://www.wataya.co.jp/assets/img/facility/index/detail/pdf/facility_rikyu.pdf
 | https://www.jalan.net/gourmet/grm_foomoojH000224253/kuchikomi/
 | https://www.asobo-saga.jp/gourmets/search/detail/8ba20ca8-e950-4a56-a491-9986acbb12e5
 | https://www.tabirai.net/sightseeing/column/0007986.aspx
 | https://retty.me/area/PRE41/ARE504/SUB50402/LND60498/
 | https://tabelog.com/saga/A4104/A410401/41000443/party/164019535/
 | https://tabelog.com/saga/A4104/A410401/41003398/",3.3,37,,,"和多屋別荘 日本料理 利休(佐賀県内その他/和食) - ホットペッパーグルメ | https://www.hotpepper.jp/strJ000989185/ | 2026-10-04 | 住所、瀬頭酒造・きたの茶園コラボ、特選湯どうふ懐石2,700円、湯どうふ懐石1,944円、利休懐石2,376円、利休カレー1,620円（旧メ
日本料理 利休 メニューPDF - 和多屋別荘 | https://www.wataya.co.jp/assets/img/facility/index/detail/pdf/facility_rikyu.pdf | 2026-10-04 | 湯どうふ膳2,750円、茶しゃぶ膳3,300円、懐石「会」6,600円「想」8,800円
【週末限定】「利休」「李荘庵」ランチスタート！ - 和多屋別荘 | https://wataya.co.jp/event/%E3%80%90%E9%80%B1%E6%9C%AB%E9%99%90%E5%AE%9A%E3%80%91%E3%80%8C%E5%88%A9%E4%BC%91%E3%80%8D%E3%80%8C%E6%9D%8E%E8%8D%98%E5%BA%B5%E3%80%8D%E3%83%A9%E3%83%B3%E3%83%81%E3%82%B9%E3%82%BF%E3%83%BC%E3%83%88 | 2026-10-04 | 「お茶と温泉どうふ」3,500円税込、日・祝12:00〜14:00（最終入店13:00）
「和多屋別荘 利休」で嬉野名物「温泉湯豆腐」 - 食べログ口コミ | https://tabelog.com/saga/A4104/A410401/41000443/dtlrvwlst/B112811762/ | 2026-10-04 | 口コミによる。2021年3月18日開店、全席半個室、和敬清寂
和多屋別荘付近でみんながオススメする人気グルメ20選 - Retty | https://retty.me/area/PRE41/ARE504/SUB50402/LND60498/ | 2026-10-04 | 和食処 利休: 懐石料理・豆腐料理、ランチ〜3,000円
嬉野温泉で～食事と温泉が楽しめる和多屋別荘の「利休」さん！(ススムおじさん) / 日帰り温泉付きのお食事(My Dining) | https://tabelog.com/saga/A4104/A410401/41000443/dtlrvwlst/B112052400/ | 2026-10-04 | 口コミタイトルによる。関連: https://tabelog.com/saga/A4104/A410401/41000443/dtlrvwl
利休懐石・会 kai : 日本料理 利休 [食べログ] | https://tabelog.com/saga/A4104/A410401/41000443/party/164019535/ | 2026-10-04 | コースページの存在を検索結果で確認",中,2026-10-04,"価格は掲載年の異なる複数資料が混在（1,680円/1,785円は旧価格の可能性）"
risoan,李荘庵（旧 佐賀牛賓館・和多屋別荘）,りそうあん,飲食店,公開,確認済み,佐賀県嬉野市嬉野町大字下宿乙738 和多屋別荘内,33.099522,129.983805,概略,,,,"ランチ
ディナー","温泉湯豆腐しゃぶしゃぶ（コース） |  | 価格不明。口コミタイトル「美味しいしゃぶしゃぶコース」、食べログ紹介文「佐賀牛と嬉野温泉湯豆腐」による | https://tabelog.com/saga/A4104/A410401/41002453/dtlrvwlst/B493936117/
温泉湯どうふしゃぶ（温泉湯豆腐と佐賀牛のしゃぶしゃぶ。豆腐→しゃぶ→雑炊で三度楽しむ） |  | ホットペッパー掲載情報の価格未取得 | https://www.hotpepper.jp/strJ001050950/",,,,,,,,,"和多屋別荘内のステーキ・しゃぶしゃぶ・焼肉店
佐賀牛と嬉野温泉湯豆腐を組み合わせたしゃぶしゃぶが特徴（食べログ紹介文の要約）
テーブル席・半個室の座敷あり
ランチは予約不要、ディナーは予約必須（要約による）
佐賀牛専門レストランで温泉湯どうふと佐賀牛を組み合わせたコース",ホットペッパーグルメの嬉野エリアに掲載される佐賀牛レストラン。温泉湯豆腐の鍋で佐賀牛をしゃぶしゃぶし、最後は雑炊で締める「温泉湯どうふしゃぶ」を提供するとされるが、住所・価格などは検索結果から取得できなかった。,,https://tabelog.com/saga/A4104/A410401/41002453/,,,,https://www.hotpepper.jp/strJ001050950/,,,," | https://tabelog.com/saga/A4104/A410401/41002453/party/19564377/
 | https://tabelog.com/saga/A4104/A410401/41002453/table/",3.21,,,,"李荘庵 （【旧店名】佐賀牛賓館） - 嬉野温泉/ステーキ [食べログ] | https://tabelog.com/saga/A4104/A410401/41002453/ | 2026-10-04 | WebSearch結果の要約による。住所・点数3.21・予算・座席・予約方針
美味しいしゃぶしゃぶコース(^.^)(ジャイアン123456) - 李荘庵 [食べログ] | https://tabelog.com/saga/A4104/A410401/41002453/dtlrvwlst/B493936117/ | 2026-10-04 | 口コミタイトルによる
佐賀牛レストラン 佐賀牛賓館(嬉野/その他グルメ) - ホットペッパーグルメ | https://www.hotpepper.jp/strJ001050950/ | 2026-10-04 | 温泉湯どうふしゃぶの説明のみ",中,2026-10-04,
warakado,創作膳 わらかど,わらかど,飲食店,公開,確認済み,佐賀県嬉野市嬉野町大字下宿乙918-1,33.099522,129.983805,概略,0954-43-5905,9:00～18:00,火曜,"ランチ
ディナー","うれしの温泉湯とうふ（看板メニュー、価格未取得） |  | 価格未取得。旅館大村屋ランチ記事の要約による。価格は検索結果から取得できず | https://www.oomuraya.co.jp/kurashikanko/ureshino-lunch/ureshino-lunch
うれしの温泉湯豆腐（単品） | 800 | 食べログ掲載情報の要約による。税込/税抜・掲載年不明 | https://tabelog.com/saga/A4104/A410401/41006201/dtlmenu/photo/",,藤川豆腐店,fujikawa,旅館大村屋のランチ紹介記事の要約による,,,,,"おしゃれな雰囲気の食事処兼カフェ（ホットペッパー要約。Rettyではカフェ、ぐるなびでは食事処として登録）
嬉野温泉湯豆腐とカフェメニュー
JR嬉野温泉駅温泉口から徒歩21分（ホットペッパー）
シーボルトの足湯近くの土産店に併設された食堂（要約による）
うどん、麻婆豆腐などもあり
口コミ「豆腐がとろける温泉水！」（2019年12月訪問）",嬉野温泉街にある創作料理の食事処兼カフェ。藤川とうふ店の豆腐を使った「うれしの温泉湯とうふ」が看板メニューで、Retty・ぐるなび・ホットペッパーの3サイトに掲載。朝9時から営業する。,,https://tabelog.com/saga/A4104/A410401/41006201/,https://retty.me/area/PRE41/ARE504/SUB50402/100001416617/,,https://r.gnavi.co.jp/ds53rxv40000/,https://www.hotpepper.jp/strJ001176237/,,,," | https://map.yahoo.co.jp/v3/place/GxjYqkuBjuE
 | https://www.navitime.co.jp/poi?spot=01125-7310967
 | https://karibaryokouki.hatenablog.com/entry/7907-warakado
 | https://tabelog.com/saga/A4104/A410401/41006201/dtlmenu/photo/",3.04,7,,,"わらかど(嬉野/その他グルメ) - ホットペッパーグルメ | https://www.hotpepper.jp/strJ001176237/ | 2026-10-04 | 住所・電話・営業時間・定休日・アクセス、嬉野湯豆腐とカフェメニュー
わらかど（嬉野/カフェ） - Retty | https://retty.me/area/PRE41/ARE504/SUB50402/100001416617/ | 2026-10-04 | 検索結果タイトルによる
創作膳 わらかど（地図/嬉野・鹿島・太良/食事処） - 楽天ぐるなび | https://r.gnavi.co.jp/ds53rxv40000/ | 2026-10-04 | 検索結果タイトルによる
嬉野温泉のランチ12選！ 旅館大村屋15代目が選ぶおすすめのお店 | https://www.oomuraya.co.jp/kurashikanko/ureshino-lunch/ureshino-lunch | 2026-10-04 | 看板メニュー「うれしの温泉湯とうふ」、藤川とうふ店の豆腐使用
『豆腐がとろける温泉水！』by 粒つぶあんこ - わらかど [食べログ] | https://tabelog.com/saga/A4104/A410401/41006201/dtlrvwlst/B422174389/ | 2026-10-04 | WebSearch結果の要約による。住所・点数3.04・口コミ7件・保存128〜132件・予算・訪問時期
メニュー写真 : わらかど - 嬉野温泉/食堂 [食べログ] | https://tabelog.com/saga/A4104/A410401/41006201/dtlmenu/photo/ | 2026-10-04 | 温泉湯豆腐単品800円、うどん・麻婆豆腐",中,2026-10-04,
ikkyusou,旅館 一休荘,いっきゅうそう,旅館・ホテル,公開,確認済み,佐賀県嬉野市嬉野町（番地未取得）,33.099522,129.983805,概略,,,,朝食,,"一泊朝食付き（嬉野温泉名物温泉湯豆腐）と貸切風呂プラン | 12100 | 〜。税込/税抜・単位（1名/1室）・年不明。楽天トラベル/トラベルコ記載 | https://hotel.travel.rakuten.co.jp/hotelinfo/plan/16537
一泊朝食（嬉野温泉名物温泉湯豆腐と貸切風呂湯プラン） | 13200 | 〜。同上 | https://hotel.travel.rakuten.co.jp/hotelinfo/plan/16537
素泊まり+貸切風呂プラン | 11000 | 〜。最安は1泊4,950円〜 | https://www.tour.ne.jp/j_hotel/24751/",,,,,,,,"全7室、低料金で家庭的なビジネス・観光向けの宿
岩風呂・タイル風呂は貸切可
朝食は嬉野名物温泉湯豆腐・焼き魚・納豆・海苔・卵・野菜サラダ・味噌汁など約8品、朝夕とも部屋食
素泊まり/朝食付/2食付を選択可",全7室の低料金旅館。朝食は温泉湯豆腐を中心に焼き魚・納豆などの約8品で、部屋出し。「嬉野温泉名物温泉湯豆腐」を冠した朝食付きプランを複数出している。,,,,,,,https://www.jalan.net/yad320331/,https://hotel.travel.rakuten.co.jp/hotelinfo/plan/16537,," | https://onsen.nifty.com/ureshino-onsen/onsen015480/
 | https://www.asobo-saga.jp/stays/detail/8b713ad8-e626-4406-bea6-3199e3f912c1
 | https://www.tripadvisor.jp/Hotel_Review-g1023551-d1104937-Reviews-Ikkyuso-Ureshino_Saga_Prefecture_Kyushu.html
 | https://www.tour.ne.jp/j_hotel/24751/
 | https://yubito.jp/saga/ikyuusou/2152/
 | https://spa-u.net/facility/2017/05/org-entry-035.php",,,,,"楽天トラベル: 嬉野温泉 旅館一休荘 宿泊プラン一覧 | https://hotel.travel.rakuten.co.jp/hotelinfo/plan/16537 | 2026-10-04 | 朝食の温泉湯豆腐8品、プラン名・料金
嬉野温泉 旅館一休荘の宿泊予約（トラベルコ） | https://www.tour.ne.jp/j_hotel/24751/ | 2026-10-04 | 料金
旅館一休荘 Itkkyusou（spa-u.net） | https://spa-u.net/facility/2017/05/org-entry-035.php | 2026-10-04 | 全7室、貸切可",高,2026-10-04,住所未取得
irifune,心ほぐす宿 入船荘,いりふねそう,旅館・ホテル,公開,確認済み,佐賀県嬉野市嬉野町（番地未取得）,33.099522,129.983805,概略,,日帰り入浴 7:00-10:00 / 15:00-24:00（最終受付22:00）,,"朝食
日帰り
ディナー",,"日帰り入浴（大人・平日） | 750 | 土日祝1,050円、繁忙日1,250円。予約不要。掲載年不明 | https://travel.biglobe.ne.jp/onsen/guide/daytrip/41010018/
入浴付きディナーバイキング（大人・平日） | 3600 | 土日祝4,300円、繁忙日6,200円。要事前予約。湯豆腐の有無は未確認 | https://travel.biglobe.ne.jp/onsen/guide/daytrip/41010018/
一泊朝食付（目安） | 9800 | 〜（JTB）。大人2名1泊1部屋 税込11,620〜26,180円 | https://www.jtb.co.jp/kokunai-hotel/htl/8146A04/plan/",,,,,,,,"朝食は温泉湯豆腐を含む9種のおかずの和食、またはアサイーボウル・アヒージョの洋食から選択
日帰り入浴は予約不要、入浴付きディナーバイキングあり（要予約）
忍者村・肥前夢街道 提携旅館
比較的手頃な価格帯",手頃な価格帯の宿で、朝食は温泉湯豆腐を含む和朝食か洋朝食を選べる。日帰り入浴を朝と夕方以降に受け付け、入浴付きディナーバイキングも用意している。,,,,,,,https://www.jalan.net/yad321174/,,," | https://www.jtb.co.jp/kokunai-hotel/htl/8146A04/
 | https://www.jtb.co.jp/kokunai-hotel/htl/8146A04/restaurant/
 | https://onsen.nifty.com/ureshino-onsen/onsen004986/
 | https://travel.biglobe.ne.jp/onsen/guide/daytrip/41010018/
 | https://spa-u.net/facility/2017/06/org-entry-009.php",,,,,"心ほぐす宿 嬉野温泉 入船荘 お食事・レストラン情報【JTB】 | https://www.jtb.co.jp/kokunai-hotel/htl/8146A04/restaurant/ | 2026-10-04 | 朝食は温泉湯豆腐ほか9種の和食 or 洋食
心ほぐす宿 嬉野温泉 入船荘 プラン・料金一覧【JTB】 | https://www.jtb.co.jp/kokunai-hotel/htl/8146A04/plan/ | 2026-10-04 | 料金
入船荘 の日帰り施設 - 嬉野温泉（BIGLOBE） | https://travel.biglobe.ne.jp/onsen/guide/daytrip/41010018/ | 2026-10-04 | 日帰り入浴・ディナーバイキング料金
旅館 入船荘 Ryokan Irifuneso（spa-u.net） | https://spa-u.net/facility/2017/06/org-entry-009.php | 2026-10-04 | spa-u.net 加盟一覧エントリ",高,2026-10-04,住所未取得。位置は温泉街中心の概略
hachijuhachi,嬉野 八十八,うれしの はちじゅうはち,旅館・ホテル,公開,確認済み,佐賀県嬉野市嬉野町（番地未取得）,33.099522,129.983805,概略,,,,"朝食
宿泊者限定",,,,,,,全客室で源泉100%掛け流し（源泉名・自家/共同は未確認）,,,"源泉掛け流しと嬉野茶で寛ぐ高級旅館、全室源泉100%掛け流し
半径88km圏内の食材にこだわる
朝食に「八十八茶碗蒸し」「対馬地鶏」「嬉野温泉豆腐」
大浴場は宿泊者専用、日帰り利用不可",嬉野茶と源泉掛け流しをテーマにした高級旅館。朝食は地元食材の和食で嬉野温泉豆腐が並ぶ。大浴場は宿泊者専用で日帰り利用はできない。,https://www.ureshino88.jp/,,,,,,https://www.jalan.net/yad390485/,https://hotel.travel.rakuten.co.jp/hotelinfo/plan/187385,," | https://www.ureshino88.jp/cuisine/
 | https://travel.yahoo.co.jp/00003062/
 | https://www.jtb.co.jp/kokunai-hotel/htl/8146033/
 | https://www.asobo-saga.jp/stays/detail/cc8f028e-b800-4e25-800a-40403de170e6
 | https://tabiiro.jp/yado/s/103598-ureshino-ureshino-yadoya/
 | https://5star-ryokan.com/special-feature/10104/",,,,,"お食事｜嬉野八十八（公式） | https://www.ureshino88.jp/cuisine/ | 2026-10-04 | 朝食に嬉野温泉豆腐・八十八茶碗蒸し・対馬地鶏
【公式】佐賀 嬉野温泉 嬉野八十八 | https://www.ureshino88.jp/ | 2026-10-04 | 全室源泉掛け流し、88km圏内食材、日帰り不可",高,2026-10-04,日帰り不可。住所未取得
motoyu,うれしの元湯,うれしのもとゆ,旅館・ホテル,公開,確認済み,佐賀県嬉野市嬉野町大字下宿乙2202-8,33.099522,129.983805,概略,,大浴場 15:00〜24:00、6:00〜9:00（宿泊者のみ）／お土産処 8:00〜21:00,,"朝食
宿泊者限定",,"基本プラン 1泊2食付（和スーペリアダブル・大人2名） | 38610 | 税込・2名合計〜（一休.com、2026年時点の検索結果） | https://www.ikyu.com/00003230/11521574/10262686/
素泊りプラン（大人2名1泊1部屋） | 28820 | 税込28,820〜88,660円（JTB） | https://www.jtb.co.jp/kokunai-hotel/htl/8146029/plan/
貸切湯 60分（平日） | 4000 | 土日祝5,000円、特別日6,000円 | https://www.motoyu-spa.co.jp/facilities/
貸切湯 90分（平日） | 4990 | 土日祝6,800円、特別日8,500円 | https://www.motoyu-spa.co.jp/facilities/",,,,,自家源泉,pH7.9・2024年春再開（検索要約による）,,"2024年春リニューアルオープン
自家源泉100%（pH7.9のとろとろ美肌湯）
朝食に嬉野名物「温泉湯どうふ」、夕食は佐賀牛付き創作料理
25室・106名、女性目線のサービス
大浴場・露天風呂は宿泊者のみ。日帰り入浴は姉妹館「百年の湯」へ案内
お土産処あり（湯どうふ取扱は未確認）",2024年春にリニューアルした自家源泉の宿。朝食に嬉野名物の温泉湯どうふを出し、夕食は佐賀牛付きの創作料理。pH7.9の源泉100%の湯を売りにしている。,https://100nen-spa.co.jp/,,,,,,https://www.jalan.net/yad316907/,,,"一休.com | https://www.ikyu.com/00003230/
 | https://www.jtb.co.jp/kokunai-hotel/htl/8146029/
 | https://oyutabi.biglobe.ne.jp/h45070/
 | https://spa-u.net/facility/2017/06/org-entry-007.php
 | https://www.motoyu-spa.co.jp/hotspa/
 | https://www.motoyu-spa.co.jp/access/
 | https://www.motoyu-spa.co.jp/facilities/",,,,,"うれしの元湯 - 【基本プラン】1泊2食付き（一休.com） | https://www.ikyu.com/00003230/11521574/10262686/ | 2026-10-04 | 朝食に温泉湯どうふ、夕食佐賀牛、料金、自家源泉pH7.9
2024年春、リニューアルオープン｜旅館 うれしの元湯【公式】 | https://www.motoyu-spa.co.jp/ | 2026-10-04 | リニューアル年
うれしの元湯 Ureshino Motoyu（spa-u.net） | https://spa-u.net/facility/2017/06/org-entry-007.php | 2026-10-04 | 源泉100%、25室106名
施設案内（うれしの元湯） | https://www.motoyu-spa.co.jp/facilities/ | 2026-10-04 | （貸切湯料金・時間）",高,2026-10-04,
ureshinokan,大江戸温泉物語 嬉野館,おおえどおんせんものがたり うれしのかん,旅館・ホテル,公開,確認済み,佐賀県嬉野市嬉野町大字下宿乙2091,33.099522,129.983805,概略,,夕食バイキング 17:00-21:30 / 朝食バイキング 7:00-10:00,,"朝食
ディナー",湯豆腐（夕食・朝食バイキング内の一例として掲載） |  | JTB の食事ページ要約に「湯豆腐の例が示されている」とのみ。日帰り昼食での提供は不明 | https://www.jtb.co.jp/kokunai-hotel/htl/8146030/restaurant/,宿泊（標準料金・目安） | 10978 | 〜（spa-u.net 施設情報） | https://spa-u.net/facility/2017/06/yukai-resort-ureshinokan-1.php,,,,,自家源泉（敷地内に源泉）,,,"旧 湯快リゾート 嬉野館
朝夕バイキングに湯豆腐
夕・朝ともバイキングで名物嬉野温泉湯豆腐などご当地グルメを提供
夕食は和洋中、ソフトドリンク飲み放題
日帰り案内ページあり
夕食・朝食はバイキング形式
日帰り入浴 750円〜（ニフティ温泉要約）",旧・湯快リゾート嬉野館を引き継いだ大型温泉ホテル。夕食・朝食ともバイキングで、嬉野名物の温泉湯豆腐をはじめとするご当地グルメを並べる。日帰り利用の案内ページもある。,https://www.ooedoonsen.jp/ureshinokan/,,,,,,https://www.jalan.net/yad392520/,,," | https://www.ooedoonsen.jp/ureshinokan/day_trip/
 | https://travel.yahoo.co.jp/00900694/
 | https://travel.yahoo.co.jp/00900694/meal/
 | https://www.jtb.co.jp/kokunai-hotel/htl/8146030/
 | https://www.jtb.co.jp/kokunai-hotel/htl/8146030/restaurant/
 | https://www.yukoyuko.net/4152
 | https://oyutabi.biglobe.ne.jp/h45077/
 | https://www.asobo-saga.jp/stays/detail/719d552b-2e39-4849-a74e-72e7ded5a1e3",,,,,"大江戸温泉物語 嬉野館のお食事情報（Yahoo!トラベル） | https://travel.yahoo.co.jp/00900694/meal/ | 2026-10-04 | 夕・朝とも名物嬉野温泉湯豆腐をバッフェで、食事時間
大江戸温泉物語 嬉野館 お食事・レストラン情報【JTB】 | https://www.jtb.co.jp/kokunai-hotel/htl/8146030/restaurant/ | 2026-10-04 | バイキング内容
大江戸温泉物語 嬉野館 Ooedo onsen monogatari Ureshinokan（spa-u.net） | https://spa-u.net/facility/2017/06/yukai-resort-ureshinokan-1.php | 2026-10-04 | 住所、100室419名、10,978円〜
日帰りのご案内｜大江戸温泉物語 嬉野館 | https://www.ooedoonsen.jp/ureshinokan/day_trip/ | 2026-10-04 | 検索結果にURLのみ（内容未確認）
大江戸温泉物語 嬉野館(日帰り入浴)の情報 - マップル | https://www.mapple.net/spot/41010087/ | 2026-10-04 | 日帰り入浴時間
【クーポンあり】格安で入浴できる嬉野の温泉おすすめ7選【2026年度版】｜ニフティ温泉 | https://onsen.nifty.com/ft-cheap/ureshino-onsen/ | 2026-10-04 | 入浴料750円〜",高,2026-10-04,
oomuraya,旅館 大村屋,おおむらや,旅館・ホテル,公開,確認済み,佐賀県嬉野市嬉野町大字下宿乙848,33.099522,129.983805,概略,0954-43-1234,朝食 7:30～9:00（L.O.8:30）（宿泊者向け、検索結果要約による）,,"朝食
日帰り
通販
予約制","日帰り温泉プラン～特選和牛ロースステーキ～昼～ |  | 価格未取得。価格は検索結果に出ず未確認 | https://www.oomuraya.co.jp/ryokan/plan/oneday05/
嬉野温泉湯豆腐御膳（朝食） |  | 価格未取得。宿泊プラン内の朝食。単品価格なし。一休.comに「1泊朝食プラン～とろける嬉野名物 温泉湯どうふ朝食を」プランあり | https://www.ikyu.com/00030597/10537567/10101545/
【通販】嬉野温泉名物 とろける温泉湯どうふ（2丁入り：豆腐2丁・調理水（嬉野温泉水）・ごまだれ） |  | 価格未取得（STORES） | https://oomuraya.stores.jp/items/5e96812b34ef011a3e1b8275","1泊朝食プラン～とろける嬉野名物 温泉湯どうふ朝食を～（半露天風呂付き和洋室 水仙・大人1名/2名1室） | 15450 | 税込15,450〜19,250円/人（2名合計30,900〜38,500円）。一休.com、2026年時点の検索結果 | https://www.ikyu.com/00030597/10537567/10101545/
日帰り休憩プラン（食事＋入浴） | 7700 | 〜、別途室料5,000円。事前予約のみ。税込/税抜・年不明 | https://spa-u.net/facility/2017/05/-omuraya.php
朝食の温泉湯豆腐（宿泊朝食） |  | 食べログ要約「朝食に名物の温泉湯豆腐を提供」。価格は宿泊料金に含まれ不明 | https://tabelog.com/en/saga/A4104/A410401/41002744/",藤川豆腐店（朝食の温泉湯どうふ）,fujikawa,,https://www.oomuraya.co.jp/kurashikanko/fujikawa-tofu/,自家源泉,,,"天保元年（1830年）創業
note「豆腐メーカー6社を食べ比べ」記事を公開
通販で温泉湯どうふを販売
創業天保元年(1830年)、嬉野温泉で最古の歴史。江戸期は大村藩の脇本陣
自家源泉から湧く美肌の湯、4タイプの貸切風呂、源泉かけ流しの温泉付き和洋室
朝食のメインは嬉野名物とろける温泉湯どうふ
「湯上がりを音楽と本で楽しむ宿」",天保元年創業、嬉野最古の温泉旅館。自家源泉を持ち、朝食の主役は嬉野名物とろける温泉湯どうふ。15代目はnoteで嬉野の豆腐メーカー6社の食べ比べや湯どうふ文化を発信しており、湯どうふ研究の発信源的な宿でもある。,https://www.oomuraya.co.jp/,https://tabelog.com/saga/A4104/A410401/41002744/,,,,,,https://travel.rakuten.co.jp/HOTEL/12624/12624_onsen.html,,"一休.com | https://www.ikyu.com/00030597/
 | https://www.jtb.co.jp/kokunai-hotel/htl/8146005/
 | https://oyutabi.biglobe.ne.jp/h45075/
 | https://www.tour.ne.jp/j_hotel/9738/
 | https://www.oomuraya.co.jp/ryokan/cuisine/breakfast/
 | https://note.com/ryokanoomuraya/n/n644714b822a0
 | https://note.com/ryokanoomuraya/n/n5ef69fe12243
 | https://note.com/ryokanoomuraya/n/n0b856e8d1a42",3.11,20,,,"旅館大村屋の朝食（公式） | https://www.oomuraya.co.jp/ryokan/cuisine/breakfast/ | 2026-10-04 | 朝食メインにとろける温泉湯どうふ
旅館 大村屋 - 1泊朝食プラン～とろける嬉野名物 温泉湯どうふ朝食を（一休.com） | https://www.ikyu.com/00030597/10537567/10101545/ | 2026-10-04 | プラン名・料金
旅館 大村屋（日帰り温泉） Oomuraya（spa-u.net） | https://spa-u.net/facility/2017/05/-omuraya.php | 2026-10-04 | 日帰り休憩プラン7,700円〜+室料5,000円、事前予約
楽天トラベル: 嬉野温泉 旅館大村屋 温泉 | https://travel.rakuten.co.jp/HOTEL/12624/12624_onsen.html | 2026-10-04 | 自家源泉、貸切風呂4タイプ、源泉かけ流し客室
旅館 大村屋 Ryokan Oomuraya（spa-u.net） | https://spa-u.net/facility/2017/06/org-entry-010.php | 2026-10-04 | 嬉野最古、大村藩脇本陣
創業天保元年。佐賀・嬉野温泉の老舗〈旅館大村屋〉のトロトロ湯豆腐をおうちで。（Hanako） | https://hanako.tokyo/learn/148328/ | 2026-10-04 | 創業年、温泉水で煮る湯豆腐の通販
嬉野温泉湯豆腐の豆腐メーカー6社を食べ比べしたら…｜旅館大村屋（note） | https://note.com/ryokanoomuraya/n/n644714b822a0 | 2026-10-04 | 検索結果タイトルのみ確認（note.comはプロキシ遮断で本文未読）。創業者の豆腐屋出自は
旅館 大村屋(佐賀県嬉野市嬉野町大字下宿/旅館) - PayPayグルメ | https://paypaygourmet.yahoo.co.jp/place/g-mQwWujGqGfI/ | 2026-10-04 | 検索結果タイトル・要約による。住所
旅館 大村屋 （嬉野温泉） - 食べログ | https://tabelog.com/en/saga/A4104/A410401/41002744/ | 2026-10-04 | 電話、朝食 嬉野温泉湯豆腐御膳 07:30〜09:00（L.O.08:30）
藤川豆腐店直営の十笑で温泉湯どうふを堪能！（大村屋 くらし観光） | https://www.oomuraya.co.jp/kurashikanko/fujikawa-tofu/ | 2026-10-04 | （朝食は藤川豆腐店の豆腐）",高,2026-10-04,
kasuien,ホテル華翠苑,かすいえん,旅館・ホテル,公開,確認済み,佐賀県嬉野市嬉野町大字岩屋川内甲333,33.087944,129.983288,概略,0954-42-2111,朝食 7:30-8:30。日帰り入浴 12:00-20:00,,"朝食
日帰り",,"【1泊朝食】名物「温泉湯どうふ」付き朝食「気ままプラン」（スタンダードツイン・大人2名1泊1部屋） | 20680 | 税込20,680〜26,620円（2名合計）。一休.com、2026年時点の検索結果。チェックイン深夜0時まで | https://www.ikyu.com/00001693/10164127/10048736/
夕朝食付き宿泊（目安） | 28380 | 〜（JTB） | https://www.jtb.co.jp/kokunai-hotel/htl/8146028/plan/
日帰り入浴（大人） | 1100 | 小人550円。12:00-20:00。貸切風呂あり（spa-u.net） | https://spa-u.net/facility/stay/hotel/
朝食の嬉野名物温泉湯豆腐（宿泊朝食） |  | 口コミによる（朝食に温泉湯豆腐、漬物、焼き魚、卵焼き、ご飯、味噌汁など）。価格は宿泊料金に含まれ不明 | https://tabelog.com/saga/A4104/A410401/41002913/dtlrvwlst/B112052488/",,,,,,,,"嬉野温泉名物「温泉湯どうふ」付きの和定食朝食
深夜0時までチェックイン可の「気ままプラン」
日帰り入浴・貸切風呂あり
料理旅館（会席）。空中露天風呂が特徴（口コミタイトル）
個室あり、団体予約可、駐車場あり、分煙（要約による）
嬉野温泉駅から約2,114m",温泉湯どうふ付き和定食の朝食をプラン名に掲げるホテル。1泊朝食付きの「気ままプラン」が一休.comなどで販売され、日帰り入浴も受け付けている。,https://www.kasuien.co.jp/,https://tabelog.com/saga/A4104/A410401/41002913/,,,,,,,,"一休.com | https://www.ikyu.com/00001693/
 | https://www.jtb.co.jp/kokunai-hotel/htl/8146028/
 | https://travel.yahoo.co.jp/00001693/
 | https://www.yukoyuko.net/4142
 | https://domhotel.airtrip.jp/hotel/detail/39250H052
 | https://spa-u.net/facility/stay/hotel/",,,,,"ホテル 華翠苑 - 【1泊朝食付】名物「温泉湯どうふ」付き朝食！「気ままプラン」（一休.com） | https://www.ikyu.com/00001693/10164127/10048736/ | 2026-10-04 | プラン名・料金・朝食時間
ホテル華翠苑 宿泊予約プラン・料金一覧【JTB】 | https://www.jtb.co.jp/kokunai-hotel/htl/8146028/plan/ | 2026-10-04 | 夕朝食付28,380円〜
ホテル（spa-u.net 宿泊施設一覧） | https://spa-u.net/facility/stay/hotel/ | 2026-10-04 | 日帰り入浴1,100円/550円、12:00-20:00、貸切風呂
ホテル 華翠苑 （かすいえん） - 嬉野温泉/料理旅館 [食べログ] | https://tabelog.com/en/saga/A4104/A410401/41002913/ | 2026-10-04 | WebSearch結果の要約による。住所・電話・予算・設備・HP
湯の里「嬉野温泉」で身も心もリラックス…空中露天風呂の爽快感で疲れを癒す！(ススムおじさん) - ホテル 華翠苑 [食べログ] | https://tabelog.com/saga/A4104/A410401/41002913/dtlrvwlst/B112052488/ | 2026-10-04 | 口コミによる。朝食の温泉湯豆腐",高,2026-10-04,
kisenkan,源泉かけ流しの宿 嬉泉館,きせんかん,旅館・ホテル,要確認,未確認,佐賀県嬉野市嬉野町大字下宿乙2202-18,33.099522,129.983805,概略,,日帰り入浴 10:30-21:00頃（混雑時は不可）。休憩プラン 11:30-15:00 / 18:00-21:00,,日帰り,,"日帰り入浴（大人） | 700 | 子ども(3歳〜小学生)300円。るるぶ&more 2024年版 | https://rurubu.jp/andmore/spot/80117736
休憩プラン | 5450 | 〜 税込・入浴料込。食事内容（湯豆腐の有無）は未確認 | https://www.yukoyuko.net/onsen/spot/h0001248",,,,,自家源泉,,,"自家源泉を持ち、加水・循環なしの源泉かけ流し（7室・30名）
男女とも内湯天然岩風呂
日帰り入浴・休憩プランあり
JR武雄温泉駅からJR九州バス嬉野温泉行き終点徒歩2分
「嬉野温泉は源泉が17ヶ所で湯量豊富」と記載（配湯会社の「源泉2箇所」と異なる記述）
嬉野温泉湯どうふ協議会会員",自家源泉を加水・循環なしで掛け流す小規模な宿。日帰り入浴と食事付き休憩プランを受け付けているが、温泉湯どうふの提供は検索結果では確認できなかった。,https://www.kisenkan.com/,,,,,,,,," | https://rurubu.jp/andmore/spot/80117736
 | https://www.yukoyuko.net/onsen/spot/h0001248
 | https://onsen.nifty.com/ureshino-onsen/onsen007423/
 | https://chinetsu.net/broom/saga/kisenkanf.htm
 | https://spa-u.net/facility/2017/05/org-entry-025.php
 | https://spa-u.net/facility/2017/05/kisenkan.php
 | https://onsen.unknownjapan.co.jp/article/2016/11/15/150
 | https://www.kisenkan.com/hotspring/",,,,,"源泉かけ流しの宿 嬉泉館｜るるぶ&more. | https://rurubu.jp/andmore/spot/80117736 | 2026-10-04 | 住所・日帰り入浴料金・時間・自家源泉
嬉泉館（日帰り温泉）｜ゆこゆこ温泉ガイド | https://www.yukoyuko.net/onsen/spot/h0001248 | 2026-10-04 | 休憩プラン5,450円〜
嬉泉館 Kisenkan（spa-u.net） | https://spa-u.net/facility/2017/05/org-entry-025.php | 2026-10-04 | 循環なし源泉かけ流し、7室30名
嬉野温泉 嬉泉館｜100%源泉かけ流しの宿 | https://www.kisenkan.com/ | 2026-10-04 | （源泉17ヶ所・自家源泉）",低,2026-10-04,
kujaku,お宿 紅舎宮,くじゃく,旅館・ホテル,公開,確認済み,佐賀県嬉野市嬉野町大字岩屋川内甲310-3,33.087944,129.983288,概略,0954-43-2100,,,朝食,,朝食の温泉湯豆腐（宿泊朝食） |  | 口コミによる（朝食の温泉湯豆腐が「とても美味しい」と繰り返し評価）。価格は宿泊料金に含まれ不明 | https://tabelog.com/saga/A4104/A410401/41003381/dtlrvwlst/,,,,,,,,"料理旅館（会席）
口コミタイトル「お腹を空かして行かないと勿体ない美味しい料理いっぱいの宿」「噂の料理」",岩屋川内の料理旅館で、料理の評価が高く、口コミでは朝食の温泉湯豆腐が名物として繰り返し称賛されている。,,https://tabelog.com/saga/A4104/A410401/41003381/,,,,,,,,,,,,,"口コミ一覧 : お宿 紅舎宮 - 嬉野温泉/料理旅館 [食べログ] | https://tabelog.com/saga/A4104/A410401/41003381/dtlrvwlst/ | 2026-10-04 | WebSearch結果の要約による。住所・電話・朝食の温泉湯豆腐の口コミ
お腹を空かして行かないと勿体ない美味しい料理いっぱいの宿です(turkey) / 『噂の料理』by べっと [食べログ] | https://tabelog.com/saga/A4104/A410401/41003381/dtlrvwlst/B208016387/ | 2026-10-04 | 口コミタイトルによる。関連: https://tabelog.com/saga/A4104/A410401/41003381/dtlrvwl",中,2026-10-04,
koyokaku,佐賀牛の宿 ホテル光陽閣,こうようかく,旅館・ホテル,公開,確認済み,佐賀県嬉野市嬉野町（番地未取得）,33.099522,129.983805,概略,0954-43-0170,日帰り入浴 12:00-20:00,,"朝食
ディナー
日帰り",,"日帰り入浴（大人） | 600 | 小人300円。12:00-20:00。年不明（ニフティ温泉/ゆる〜と） | https://onsen.nifty.com/ureshino-onsen/onsen015526/
宿泊（2名1部屋・目安） | 18760 | 税込18,760〜86,900円（1名9,380〜43,450円）。JTB | https://www.jtb.co.jp/kokunai-hotel/htl/8146A19/plan/",,,,,,,,"嬉野川沿い、7階展望風呂から茶畑を望む
佐賀牛を売りにする宿。伊勢海老・佐賀牛・湯豆腐・佐賀びより
朝食に嬉野温泉湯豆腐や佐賀牛ローストビーフ、平日限定1泊朝食プランでは温泉湯豆腐のシメは雑炊
日帰り入浴可（事前に電話確認推奨）",佐賀牛を前面に出すホテルで、夕食会席にも嬉野温泉湯豆腐が組み込まれ、朝食には温泉湯豆腐と佐賀牛ローストビーフが並ぶ。7階の展望風呂は日帰り入浴にも開放している。,https://www.koyokaku.com/,,,,,,https://www.jalan.net/yad315773/,,," | https://www.koyokaku.com/spa/
 | https://www.jtb.co.jp/kokunai-hotel/htl/8146A19/plan/
 | https://www.jtb.co.jp/kokunai-hotel/htl/8146A19/review/
 | https://onsen.nifty.com/ureshino-onsen/onsen015526/
 | https://4travel.jp/dm_hotel-10052419
 | https://yuru-to.net/detail.php?oid=19075
 | https://www.his-vacation.com/hotel/91659/plan/
 | https://spa-u.net/facility/2017/06/-koyokaku.php",,,,,"佐賀牛の宿 光陽閣（じゃらんnet） | https://www.jalan.net/yad315773/ | 2026-10-04 | 朝食の嬉野温泉湯豆腐・佐賀牛ローストビーフ、平日限定1泊朝食プラン（湯豆腐のシメは雑炊）
ホテル光陽閣 宿泊予約プラン・料金一覧【JTB】 | https://www.jtb.co.jp/kokunai-hotel/htl/8146A19/plan/ | 2026-10-04 | 伊勢海老・佐賀牛・湯豆腐、料金
嬉野温泉 ホテル光陽閣 - 嬉野｜ニフティ温泉 | https://onsen.nifty.com/ureshino-onsen/onsen015526/ | 2026-10-04 | 日帰り入浴料金・時間・電話
ホテル 光陽閣 Hotel Koyokaku（spa-u.net） | https://spa-u.net/facility/2017/06/-koyokaku.php | 2026-10-04 | 7階展望風呂、茶畑",高,2026-10-04,住所未取得
kotan,嬉野温泉 枯淡嬉野,こたんうれしの,旅館・ホテル,要確認,未確認,佐賀県嬉野市嬉野町（番地未取得）,33.099522,129.983805,概略,,,,,,,,,,,,,,全18室のリゾート（spa-u.net 2026年1月掲載の新規エントリ）,spa-u.net に2026年1月付で掲載された全18室のリゾート型の宿。温泉湯どうふの提供は未確認。,,,,,,,,,, | https://spa-u.net/facility/2026/01/-kotan-ureshino.php,,,,,嬉野温泉 枯淡嬉野 Kotan Ureshino（spa-u.net） | https://spa-u.net/facility/2026/01/-kotan-ureshino.php | 2026-10-04 | 18室,低,2026-10-04,
kotobukiya,ことぶき屋,ことぶきや,旅館・ホテル,公開,なし,佐賀県嬉野市嬉野町大字下宿乙817,33.099522,129.983805,概略,,,,,,"素泊まり（1名） | 5500 | 〜。2名1泊1部屋合計10,000〜82,300円の幅（JTB）。税込/税抜・年不明 | https://www.jtb.co.jp/kokunai-hotel/htl/8146A21/plan/",,,,,源泉かけ流し100%（源泉名・自家/共同は未確認）,,,"日帰り温泉・素泊まり専門の宿（10室・27名）
岩風呂大浴場・露天風呂・貸切檜風呂
日本文化を体験できる懐かしい雰囲気",素泊まりと日帰り温泉に特化した宿で、食事提供がないため温泉湯どうふの提供情報はない。源泉かけ流し100%の岩風呂と貸切檜風呂を備える。,,,,,,,https://www.jalan.net/yad357256/,,," | https://www.jtb.co.jp/kokunai-hotel/htl/8146A21/
 | https://travel.yahoo.co.jp/00913673/
 | https://www.booking.com/hotel/jp/xi-ye-wen-quan-kotobukiwu-xi-ye-shi1.html
 | https://spa-u.net/facility/2022/04/org-entry-027.php",,,,,"日帰り温泉・素泊まりの宿 嬉野温泉 ことぶき屋 プラン・料金一覧【JTB】 | https://www.jtb.co.jp/kokunai-hotel/htl/8146A21/plan/ | 2026-10-04 | 住所・素泊まり料金・風呂
ことぶき屋 Kotobukiya（spa-u.net） | https://spa-u.net/facility/2022/04/org-entry-027.php | 2026-10-04 | 10室27名",中,2026-10-04,素泊まり専門のため食事提供なし（検索要約による）
sansui,山水グローバルイン,さんすいぐろーばるいん,旅館・ホテル,要確認,未確認,佐賀県嬉野市嬉野町（番地未取得）,33.099522,129.983805,概略,,,,,,,,,,,源泉100%かけ流し（源泉名・自家/共同は未確認）,,,"源泉100%かけ流し
自家農園のオーガニック野菜を使った健康朝食バイキング",源泉100%かけ流しと自家農園野菜の朝食バイキングを売りにする宿。温泉湯どうふの提供は検索結果では確認できなかった。,,,,,,,,,, | https://spa-u.net/facility/2017/05/org-entry-039.php,,,,,山水グローバルイン Sansui Global Inn（spa-u.net） | https://spa-u.net/facility/2017/05/org-entry-039.php | 2026-10-04 | 源泉100%、健康朝食バイキング,低,2026-10-04,
shiiba,大正屋 椎葉山荘（レストラン 山法師）,しいばさんそう,旅館・ホテル,公開,確認済み,佐賀県嬉野市嬉野町大字岩屋川内乙1586（字椎葉）,33.072073,129.981391,概略,,日帰り入浴「しいばの湯」11:00-21:00（受付〜20:00）,,"朝食
日帰り
通販",とろける湯どうふ（名物） |  | 公式サイト要約に「名物はとろける湯どうふ」「椎葉の湯の棟（徒歩2〜3分）のレストラン山法師で湯どうふと焼肉を提供」。価格未取得 | https://www.shiibasanso.com/meal/,"しいばの湯 日帰り入浴（大人） | 1300 | 小学生600円。るるぶ&more 2026年版掲載 | https://rurubu.jp/andmore/spot/80038988
宿泊（目安） | 19000 | 1名〜（spa-u.net 施設情報） | https://spa-u.net/facility/2017/06/org-entry-015.php",大正屋 湯どうふ本舗（自家製）,yudofu-honpo,大正屋グループ。山法師のメニューも「名物とろける湯どうふ」と紹介,,,,,"大正屋グループの山荘タイプの宿（全20室・114名）
朝食は和洋バイキングで嬉野名物 大正屋自家製「とろける湯どうふ」ほか30種以上
別棟「しいばの湯」で日帰り入浴（嬉野最大級の露天）
しいばの湯併設の焼肉レストラン「山法師」で焼肉や温泉湯豆腐の昼食（FAQでは7月下旬から暫く休業中との記載）
JR嬉野温泉駅から車約10分
一軒宿 椎葉山荘の別棟「椎葉の湯」内にあるレストラン
湯どうふと焼肉を提供、名物は『とろける湯どうふ』",大正屋グループの椎葉川沿いの山荘。朝食バイキングに大正屋自家製「とろける湯どうふ」が並ぶ。別棟「しいばの湯」で日帰り入浴ができ、併設の焼肉レストラン「山法師」で温泉湯豆腐の昼食も案内されているが、休業中の時期がある。,https://www.shiibasanso.com/,https://tabelog.com/saga/A4104/A410401/41005395/,,,,,,,,"一休.com | https://www.ikyu.com/00001179/
 | https://travel.yahoo.co.jp/00001179/
 | https://www.jtb.co.jp/kokunai-hotel/htl/8146031/plan/
 | https://spa-u.net/facility/2017/05/-shibasanso.php
 | https://spa-u.net/facility/2017/06/org-entry-015.php
 | https://www.shiibasanso.com/faq/",,,,,"お料理｜大正屋 椎葉山荘 | https://www.shiibasanso.com/meal/ | 2026-10-04 | 朝食和洋バイキング・自家製とろける湯どうふ
よくあるご質問｜大正屋 椎葉山荘 | https://www.shiibasanso.com/faq/ | 2026-10-04 | 日帰り昼食は焼肉レストラン「山法師」（休業中の記載）
大正屋 椎葉山荘 しいばの湯｜るるぶ&more. | https://rurubu.jp/andmore/spot/80038988 | 2026-10-04 | 日帰り入浴時間・料金
大正屋 椎葉山荘 Taishoya Shiibasanso（spa-u.net） | https://spa-u.net/facility/2017/06/org-entry-015.php | 2026-10-04 | 住所・客室数・料金
山法師 (嬉野温泉/焼肉) [食べログ] | https://tabelog.com/saga/A4104/A410401/41005395/ | 2026-10-04 | WebSearch結果の要約による。ジャンル・口コミ内容・掲載保留",高,2026-10-04,レストラン山法師は休業中の時期あり（食べログで掲載保留）。現況要確認
shoen,花とおもてなしの宿 松園,しょうえん,旅館・ホテル,公開,確認済み,佐賀県嬉野市嬉野町（番地未取得）,33.099522,129.983805,概略,0954-43-0153,日帰り入浴 12:00-20:00（受付〜19:30）,,日帰り,,"日帰り入浴（大人） | 800 | 子供(3歳〜小学生)400円。貸切風呂50分2,000円+入浴料。るるぶ&more 2024年版。別ソースでは900円/450円の記載もあり | https://rurubu.jp/andmore/spot/80039006
1泊2食付（平日・目安） | 16500 | 〜。別ソースの標準料金は11,000〜23,000円。税込/税抜・年不明 | https://www.jalan.net/yad323668/",,,,,,,,"昔ながらの旅館の風情を残す宿、客室から庭園を眺める（25室・100名）
嬉野温泉中心部、全室部屋食
嬉野名物の温泉湯豆腐を食事で提供
大浴場・露天風呂・貸切風呂、日帰り入浴可",嬉野温泉中心部にある昔ながらの風情の宿。全室部屋食で、食事に嬉野名物の温泉湯豆腐を出すと紹介されている。日帰り入浴と貸切風呂も受け付けている。,,,,,,,https://www.jalan.net/yad323668/,https://hotel.travel.rakuten.co.jp/hotelinfo/plan/32079,," | https://travel.yahoo.co.jp/00906674/
 | https://rurubu.jp/andmore/spot/80039006
 | https://onsen.nifty.com/ureshino-onsen/onsen004988/
 | https://www.his-vacation.com/hotel/55880/plan/
 | https://spa-u.net/facility/2017/06/org-entry-012.php
 | https://spa-u.net/facility/2017/06/-shoen.php",,,,,"花とおもてなしの宿松園｜るるぶ&more.（日帰り温泉） | https://rurubu.jp/andmore/spot/80039006 | 2026-10-04 | 日帰り入浴料金・時間・貸切、温泉湯豆腐の提供
花とおもてなしの宿 松園（じゃらんnet） | https://www.jalan.net/yad323668/ | 2026-10-04 | 料金・部屋食
松園 Shoen（spa-u.net） | https://spa-u.net/facility/2017/06/org-entry-012.php | 2026-10-04 | 25室100名、庭園",中,2026-10-04,湯どうふは宿泊時の食事で提供（朝/夕の別は未確認）。住所未取得
taishoya,大正屋,たいしょうや,旅館・ホテル,公開,確認済み,佐賀県嬉野市嬉野町大字下宿乙2276-1,33.099522,129.983805,概略,0954-42-1170,宿泊者食事処「平安の間」(本館1F): 夕食18:00-19:30 / 朝食7:00-9:00。日帰り入浴 12:00-23:00,年中無休,"朝食
日帰り
テイクアウト
通販","自家製「とろける湯どうふ」(2丁入・売店/通販) | 2000 | 税込/税抜不明・掲載年不明。大正屋オンラインショップ/楽天「産地直送」ページの記載 | https://shop.taishoya.com/
売店: とろける湯どうふ 2丁入り | 2160 | 税込 | https://ureshinohigaeri.com/taishoya_baiten.html
売店: とろける湯どうふ 3丁入り | 2700 | 税込 | https://ureshinohigaeri.com/taishoya_baiten.html
湯豆腐（「溶ける湯豆腐」） |  | 価格不明。食べログ要約で「溶ける湯豆腐で知られる」。日帰り昼食や宿泊料理内での提供形態は未確認 | https://tabelog.com/saga/A4104/A410401/41000472/dtlphotolst/1/smp2/","日帰り入浴（大人） | 1300 | 小人(6歳以上)600円。2024年4月20日時点の記載 | https://spa-u.net/facility/2017/06/-taishoya.php
1泊2食付 宿泊（目安） | 16500 | 〜（spa-u.net 施設情報の標準料金） | https://spa-u.net/facility/2017/06/org-entry-002.php",自家製（大正屋 湯どうふ本舗）,yudofu-honpo,,https://yudofuhonpo.com/,自家源泉（大正屋源泉）,96℃・中性と紹介（1978年分析、検索要約による）,,"大正14年（1925年）創業
「溶ける湯豆腐」で知られる
売店で自家製とろける湯どうふを販売
日本三大美肌の湯
自家製「とろける湯どうふ」が朝食の定番
直営「湯どうふ本舗」の温泉湯どうふを使った豆腐料理・月替わり会席（日帰り利用可）
大浴場「四季の湯」「滝の湯」ほか、グループ三宿五つの大浴場めぐり",大正14年創業の嬉野温泉を代表する老舗。直営工場「湯どうふ本舗」で作る自家製「とろける湯どうふ」が朝食の定番で、売店・通販でも販売している。日帰り入浴や湯どうふ料理を含む会席の日帰り利用も案内されている。,https://www.taishoya.com/,https://tabelog.com/saga/A4104/A410401/41000472/,,,,,https://www.jalan.net/yad321819/,,," | https://www.jtb.co.jp/kokunai-hotel/htl/8146002/plan/
 | https://www.yukoyuko.net/4150
 | https://yado.knt.co.jp/st/S410031/
 | https://shop.taishoya.com/
 | https://tabiiro.jp/yado/s/101150-ureshino-taishoya/
 | https://ureshinohigaeri.com/taishoya_ryouri.html
 | https://ureshinohigaeri.com/taishoya_baiten.html
 | https://www.taishoya.com/taishoya/spa/",3.45,21,,,"大正14年創業の老舗「嬉野温泉 大正屋」で湯どうふと美肌の湯を堪能【楽天トラベル】 | https://travel.rakuten.co.jp/mytrip/howto/taishoya-guide | 2026-10-04 | 創業年、朝食の特製温泉湯豆腐
お料理｜大正屋 | https://www.taishoya.com/taishoya/meal/ | 2026-10-04 | 朝食の自家製とろける湯どうふ・茶粥、食事処「平安の間」と食事時間
お部屋で会席料理｜佐賀県 嬉野温泉大正屋（日帰り） | https://ureshinohigaeri.com/taishoya_ryouri.html | 2026-10-04 | 直営工場「湯どうふ本舗」の温泉湯豆腐を使った月替わり会席、日帰り利用
嬉野温泉 大正屋旅館（楽天 産地直送） | https://www.rakuten.ne.jp/gold/sanchidirect/sanchi_taishoya.html | 2026-10-04 | 自家製とろける湯どうふ2丁入2,000円
大正屋 Taishoya（spa-u.net 施設情報） | https://spa-u.net/facility/2017/06/org-entry-002.php | 2026-10-04 | 住所、1泊2食16,500円〜
大正屋（日帰り温泉） Taishoya（spa-u.net） | https://spa-u.net/facility/2017/06/-taishoya.php | 2026-10-04 | 日帰り入浴時間・料金
嬉野観光ホテル 大正屋（ニフティ温泉） | https://onsen.nifty.com/ureshino-onsen/onsen004989/ | 2026-10-04 | （住所・日帰り料金・時間）
嬉野温泉のお土産なら大正屋（大正屋売店） | https://ureshinohigaeri.com/taishoya_baiten.html | 2026-10-04 | （売店価格）
嬉野温泉 大正屋 温泉分析書（個人サイト転載） | http://www.max.hi-ho.ne.jp/rana-vicky/todofuken/kyusyu/saga/ureshino/taisyoya/bunseki.html | 2026-10-04 | （分析値）
大正屋 (嬉野市その他/旅館) 写真 [食べログ] | https://tabelog.com/saga/A4104/A410401/41000472/dtlphotolst/1/smp2/ | 2026-10-04 | WebSearch結果の要約による。住所・電話・点数3.45・口コミ21件・保存406件・年中無休・予算・「溶ける湯豆腐」",高,2026-10-04,
takasago,御宿 高砂,たかさご,旅館・ホテル,公開,確認済み,佐賀県嬉野市嬉野町（番地未取得）,33.099522,129.983805,概略,,日帰り・デイユース 12:00-21:00の間で最大5時間,,"ディナー
日帰り","デイユース 夕食「温泉湯豆腐しゃぶしゃぶ会席」（別料金） | 5000 | 税別。デイユース基本料金は2名利用時12,637円/人（税込13,900円/人）。楽天トラベル 日帰り・デイユースプラン | https://hotel.travel.rakuten.co.jp/hotelinfo/dayuse/28965","1泊2食付（平日2名1室・1名料金） | 16022 | 〜。通常宿泊料金10,290〜24,150円。税込/税抜・年不明 | https://www.jalan.net/yad306336/plan/",,,,,,,,"昔ながらの帳場が残る川辺の静かな宿
川辺の露天風呂、五右衛門風呂、図書ラウンジ、マッサージチェア
食事のメインは嬉野名物温泉湯豆腐と佐賀産和牛のしゃぶしゃぶ（全10品）
日帰り・デイユース利用可","嬉野川沿いの小さな宿。夕食は嬉野名物の温泉湯豆腐と佐賀産和牛しゃぶしゃぶを主役にした全10品で、デイユースでも温泉湯豆腐しゃぶしゃぶ会席(税別5,000円)を追加注文できる。",http://www.onyado-takasago.jp/,,,,,,https://www.jalan.net/yad306336/,https://hotel.travel.rakuten.co.jp/hotelinfo/plan/28965,,"一休.com | https://www.ikyu.com/00031263/
 | https://hotel.travel.rakuten.co.jp/hotelinfo/dayuse/28965
 | https://spa-u.net/facility/2017/06/org-entry-023.php
 | https://spa-u.net/facility/2017/05/org-entry-023.php",,,,,"御宿 高砂 Onyado takasago（spa-u.net） | https://spa-u.net/facility/2017/06/org-entry-023.php | 2026-10-04 | 温泉湯豆腐と和牛しゃぶしゃぶが人気、施設特徴
御宿 高砂の料金一覧・宿泊プラン（じゃらん） | https://www.jalan.net/yad306336/plan/ | 2026-10-04 | 全10品の献立、料金
楽天トラベル: 嬉野温泉 御宿 高砂 日帰り・デイユースプラン一覧 | https://hotel.travel.rakuten.co.jp/hotelinfo/dayuse/28965 | 2026-10-04 | デイユース時間・料金・湯豆腐しゃぶしゃぶ会席5,000円税別",高,2026-10-04,住所未取得
hatsune,旅館 初音荘,はつねそう,旅館・ホテル,要確認,未確認,佐賀県嬉野市嬉野町（番地未取得）,33.099522,129.983805,概略,,,,,,初音荘ファミリープラン（大人2名利用時・1人） | 9900 | 〜。大人1名につき幼児1名の食事無料。税込/税抜・年不明 | https://hatsunesou.co.jp/,,,,,,,,"お子様連れに特化した宿（離乳食プレゼント、幼児の夕食無料など）
弱アルカリ性の肌に優しい湯
日帰りプランあり（内容未確認）",子連れ特化を掲げる旅館。地元食材の料理を売りにするが、温泉湯どうふの提供は検索結果では確認できなかった。,https://hatsunesou.co.jp/,,,,,,https://www.jalan.net/yad305352/,https://hotel.travel.rakuten.co.jp/hotelinfo/plan/13775,," | https://www.jtb.co.jp/kokunai-hotel/htl/8146A12/
 | https://travel.yahoo.co.jp/00911518/
 | https://spa-u.net/facility/2017/06/org-entry-014.php",,,,,"嬉野温泉お子様連れに特化した宿 初音荘｜公式 | https://hatsunesou.co.jp/ | 2026-10-04 | ファミリープラン料金・特典
旅館 初音荘 Ryokan Hatsunesou（spa-u.net） | https://spa-u.net/facility/2017/06/org-entry-014.php | 2026-10-04 | spa-u.net 加盟一覧エントリ",低,2026-10-04,
hamilton,ハミルトン宇礼志野,はみるとんうれしの,旅館・ホテル,要確認,未確認,佐賀県嬉野市嬉野町大字岩屋川内甲288-1,33.087944,129.983288,概略,,立ち寄り湯 8:00-12:30 / 14:00-18:00,,日帰り,,"日帰り入浴 | 1320 | 〜（ニフティ温泉）。年不明 | https://onsen.nifty.com/ureshino-onsen/onsen004985/
宿泊（目安） | 14900 | 〜（spa-u.net 標準料金） | https://spa-u.net/facility/2017/05/org-entry-040.php",,,,,,,,"英国調のクラシックホテル（38室・120名）
夕食はイタリア人シェフによるイタリアンコース、朝食は生ハム等のオリジナルセット（地元食材）
日帰り入浴可
近隣に「宗庵よこ長」あり",洋風クラシックホテルで、夕食はイタリアンコース、朝食も洋風のオリジナルセット。温泉湯どうふの提供は検索結果では確認できず、近隣の宗庵よこ長で昼食に食べられる旨の紹介があるのみ。,https://www.hamilton-ureshino.jp/,,,,,,https://www.jalan.net/yad338904/,https://travel.rakuten.co.jp/HOTEL/8986/review.html,,"一休.com | https://www.ikyu.com/00000839/
 | https://www.hamilton-ureshino.jp/cuisine/
 | https://www.hamilton-ureshino.jp/cuisine/menu/
 | https://travel.yahoo.co.jp/00000839/
 | https://www.jtb.co.jp/kokunai-hotel/htl/8146027/plan/
 | https://onsen.nifty.com/ureshino-onsen/onsen004985/
 | https://spa-u.net/facility/2017/05/org-entry-040.php",,,,,"料理｜ハミルトン宇礼志野（公式） | https://www.hamilton-ureshino.jp/cuisine/ | 2026-10-04 | イタリアンコース、洋風朝食
ハミルトン宇礼志野 - 嬉野｜ニフティ温泉 | https://onsen.nifty.com/ureshino-onsen/onsen004985/ | 2026-10-04 | 日帰り入浴料金・時間
ハミルトン宇礼志野 hamilton ureshino（spa-u.net） | https://spa-u.net/facility/2017/05/org-entry-040.php | 2026-10-04 | 住所、38室120名、14,900円〜",中,2026-10-04,洋食主体のホテル。湯どうふ提供は未確認。大字の「甲」は推定
shikishima,萬象閣 敷島,ばんしょうかく しきしま,旅館・ホテル,公開,確認済み,佐賀県嬉野市嬉野町（番地未取得）,33.099522,129.983805,概略,,,,朝食,,,,,,,,,,"全26室が露天または半露天風呂付き
朝食は「温泉湯豆腐付和定食」、夕食は佐賀牛会席（陶板焼き・すき焼き等）
夕朝食は個室風の食事処
料理評価が高い（じゃらん: 夕食4.8／朝食4.7）",全室に露天・半露天風呂を備えた宿。朝食は温泉湯豆腐付きの和定食で、口コミでも朝の湯豆腐が好評。夕食は佐賀牛を主役にした会席を個室風食事処で提供する。,http://www.bansyoukaku-sikisima.co.jp/,https://tabelog.com/saga/A4104/A410401/41004245/,,,,,https://www.jalan.net/yad346723/,https://travel.rakuten.co.jp/HOTEL/15674/review.html,," | https://travel.yahoo.co.jp/00000698/
 | https://hotel.travel.rakuten.co.jp/hotelinfo/plan/15674
 | https://oyutabi.biglobe.ne.jp/h45060/
 | https://spa-u.net/facility/2017/06/org-entry-005.php",,,,,"楽天トラベル: 嬉野温泉 萬象閣 敷島 宿泊プラン一覧 | https://hotel.travel.rakuten.co.jp/hotelinfo/plan/15674 | 2026-10-04 | 朝食「温泉湯豆腐付和定食」
萬象閣敷島（じゃらんnet） | https://www.jalan.net/yad346723/ | 2026-10-04 | 料理評価、個室風食事処、朝食の湯豆腐が好評
食事処｜萬象閣 敷島 | https://www.bansyoukaku-sikisima.co.jp/restaurant/ | 2026-10-04 | 個室風食事処
萬象閣敷島 Banshokaku Shikishima（spa-u.net） | https://spa-u.net/facility/2017/06/org-entry-005.php | 2026-10-04 | 全26室露天・半露天付き",高,2026-10-04,住所未取得。位置は温泉街中心の概略
hisago,ひさご旅館,ひさごりょかん,旅館・ホテル,公開,確認済み,佐賀県嬉野市嬉野町（番地未取得）,33.099522,129.983805,概略,,,,朝食,,"2食付 宿泊「藍」(和室8畳・定員3名)・平日 | 17500 | 税込。土曜/祝前日18,600円。他「天」17,800/18,900、「燕」18,800/19,900、「華」18,300/19,500（1名単価か室料かは未確認）。年不明 | http://www.hisagoryokan.com/",,,,,,,,"1965年創業
「どこか懐かしい町 暮らしているように泊まる宿」
朝食は嬉野温泉名物「温泉湯豆腐」を中心とした御膳
貸切風呂あり",1965年創業、木造2階建て全4室の小さな旅館。朝食は嬉野温泉名物の温泉湯豆腐を中心にした御膳で、暮らすように泊まる宿をコンセプトにしている。,http://www.hisagoryokan.com/,,,,,,,https://travel.rakuten.co.jp/HOTEL/18753/review.html,," | https://www.facebook.com/hisagoryokan/
 | https://4travel.jp/dm_hotel-10052409
 | https://www.asobo-saga.jp/stays/detail/0c987b9a-ccb6-423e-af7d-f174476f7000
 | https://spa-u.net/facility/2017/05/org-entry-024.php",,,,,"嬉野温泉 ひさご旅館｜どこか懐かしい町 暮らしているように泊まる宿（公式） | http://www.hisagoryokan.com/ | 2026-10-04 | 1965年創業、朝食は温泉湯豆腐中心の御膳、客室別料金
ひさご旅館（あそぼーさが） | https://www.asobo-saga.jp/stays/detail/0c987b9a-ccb6-423e-af7d-f174476f7000 | 2026-10-04 | 木造2階建4室、宴会場、貸切風呂
ひさご旅館 Hisago Ryokan（spa-u.net） | https://spa-u.net/facility/2017/05/org-entry-024.php | 2026-10-04 | spa-u.net 加盟一覧エントリ",高,2026-10-04,住所未取得
fairfield,フェアフィールド・バイ・マリオット・佐賀嬉野温泉,ふぇあふぃーるど,旅館・ホテル,要確認,未確認,佐賀県嬉野市嬉野町（嬉野温泉駅前・番地未取得）,33.099522,129.983805,概略,,,,,,,,,,,,,,"宿泊特化型ホテルで館内レストランなし（周辺の飲食店利用を前提）
spa-u.net 2023年7月掲載",館内レストランを持たない宿泊特化型ホテルで、食事は周辺の店を利用する前提。温泉湯どうふの館内提供は想定されないが未確認。,,,,,,,,,, | https://spa-u.net/facility/2023/07/fairfield-by-marriott-saga-ureshino-onsen.php,,,,,フェアフィールド･バイ･マリオット･佐賀嬉野温泉（spa-u.net） | https://spa-u.net/facility/2023/07/fairfield-by-marriott-saga-ureshino-onsen.php | 2026-10-04 | レストランなしの宿泊特化型,中,2026-10-04,レストランなし（検索要約）。売店等での取扱は未確認
hotel-sakura,ホテル桜（和風レストラン 花月）,ほてるさくら かげつ,旅館・ホテル,公開,確認済み,佐賀県嬉野市嬉野町大字下宿乙1021,33.099522,129.983805,概略,0954-42-3000,[月〜金] 11:30〜14:00 (L.O.13:30) ／ [土日祝] 11:00〜14:30 (L.O.14:00)、17:00〜21:30 (L.O.20:30),,"ランチ
日帰り","嬉野名物 温泉湯豆腐御膳 | 1400 | 食べログ口コミ（投稿者 hakata-ann）に1,400円と記載。訪問時期不明 | https://tabelog.com/saga/A4104/A410401/41002827/dtlrvwlst/B421869287/",,,,,,,,,"ホテル桜内の和風レストラン（宿泊者以外のランチ利用の口コミあり）
特製胡麻だれに浸けて食べる温泉湯豆腐が「とろーり柔らか」と評される
ホテル桜1階の和風レストラン（ジャンル: 郷土料理）
ランチ営業あり（平日・土日祝で時間が異なる）
ホテル桜本体（食べログ41001257）では飲み放題付きバイキングの口コミあり
最上階の展望風呂から嬉野の町を望む
spa-u.net に日帰り温泉エントリあり",嬉野温泉のホテル桜1階にある和風レストランで、ランチに嬉野名物の温泉湯豆腐御膳を提供する。宿泊客以外もランチ利用できる旅館系レストランとして口コミされている。,,https://tabelog.com/saga/A4104/A410401/41002827/,,,,,,,," | https://tabelog.com/saga/A4104/A410401/41001257/
 | https://spa-u.net/facility/2017/06/org-entry-038.php
 | https://spa-u.net/facility/2017/06/hotelsakura.php",,,,,"嬉野温泉のホテル桜で湯豆腐定食ランチ♪＠レストラン 花月(hakata-ann)-ホテル桜 和風レストラン 花月 - 食べログ口コミ | https://tabelog.com/saga/A4104/A410401/41002827/dtlrvwlst/B421869287/ | 2026-10-04 | 食べログ店舗URLは口コミURLの店舗ID(41002827)から導出
Hotel Sakura Wafu Restaurant Kagetsu - Ureshino Onsen/Regional Cuisine | https://tabelog.com/en/saga/A4104/A410401/41002827/ | 2026-10-04 | 住所・電話・営業時間
ホテル桜 嬉野 Hotel Sakura Ureshino（spa-u.net） | https://spa-u.net/facility/2017/06/org-entry-038.php | 2026-10-04 | 住所、最上階展望風呂
ホテル桜 嬉野（日帰り温泉）（spa-u.net） | https://spa-u.net/facility/2017/06/hotelsakura.php | 2026-10-04 | 検索結果にURLのみ",中,2026-10-04,
seiryu,大正屋 湯宿清流,ゆやど せいりゅう,旅館・ホテル,公開,確認済み,佐賀県嬉野市嬉野町大字下宿乙2314,33.099522,129.983805,概略,0954-42-0130,,,朝食,,朝食の温泉湯豆腐（宿泊朝食） |  | 口コミによる（「リーズナブルな温泉宿で美味しい温泉湯豆腐の朝食」「夕食にざる豆腐、朝食に湯豆腐」）。価格は宿泊料金に含まれ不明 | https://tabelog.com/saga/A4104/A410401/41004333/dtlrvwlst/B49189597/,大正屋グループ（推定・未確認）,yudofu-honpo,口コミでは大豆の風味が濃い厚みのある豆腐。製造元の明記は未確認,,,,,"嬉野観光ホテル大正屋の経営（食べログ備考）
宿泊者は大正屋・椎葉山荘の温泉利用可
2005年10月オープン
JRバス嬉野バスセンター下車徒歩3分
大正屋グループの宿（大正屋の大浴場と椎葉山荘「しいばの湯」が利用可）",大正屋が経営する比較的リーズナブルな温泉旅館で、口コミでは夕食のざる豆腐と朝食の温泉湯豆腐が評価されている。宿泊者は系列の大正屋・椎葉山荘の温泉も利用できる。,http://www.seiryuu.jp/,https://tabelog.com/saga/A4104/A410401/41004333/,,,,,,,, | https://www.taishoya.com/,,18,,,"地図 : 嬉野温泉 旅館 湯宿 清流 [食べログ] | https://tabelog.com/saga/A4104/A410401/41004333/dtlmap/ | 2026-10-04 | WebSearch結果の要約による。住所・電話・HP・オープン日・備考（大正屋経営）
嬉野で美味い豆腐と温泉を(hikari_goke) - 湯宿 清流 [食べログ] | https://tabelog.com/saga/A4104/A410401/41004333/dtlrvwlst/B49189597/ | 2026-10-04 | 口コミによる。ざる豆腐と朝食の湯豆腐
口コミ一覧 : 嬉野温泉 旅館 湯宿 清流 [食べログ] | https://tabelog.com/saga/A4104/A410401/41004333/dtlrvwlst/ | 2026-10-04 | 口コミ18件
嬉野温泉（九州・佐賀）旅館 湯宿清流｜公式サイト | https://www.seiryuu.jp/ | 2026-10-04 | 大正屋の姉妹施設、大浴場・しいばの湯利用可
嬉野温泉 大正屋グループ【公式】三宿五つの大浴場めぐり | https://www.taishoya.com/ | 2026-10-04 | 三宿構成",中,2026-10-04,
yoshidaya,旅館 吉田屋（Dining 虚空蔵）,よしだや,旅館・ホテル,公開,確認済み,佐賀県嬉野市嬉野町大字岩屋川内甲379,33.087944,129.983288,概略,,旅館ランチ 12:00-15:00（14:00 L.O.）。大浴場・貸切風呂 15:30-22:00（土日祝 10:30-22:00）,不定休,"ランチ
日帰り
予約制
朝食","嬉野温泉湯豆腐コース（旅館ランチ・平日限定） | 3300 | 税込（税抜3,000円）。掲載年不明 | https://www.yoshidaya-web.com/ryokan/oneday/
旅館ランチ コース（上限目安） | 10000 | 湯豆腐コース3,300円〜特別コース10,000円までの幅（BIGLOBE温泉） | https://oyutabi.biglobe.ne.jp/410000-d07d-e00b/
嬉野温泉湯豆腐尽くしコース（平日限定） | 3630 | 税込。吉田屋公式「吉田屋のトリセツ」の（別の要約では3,300円税込とあり、価格改定の可能性） | https://www.yoshidaya-web.com/howto/detail.php?id=290
佐賀牛湯豆腐しゃぶと豆腐尽くしコース | 5000 | 税込（、掲載年不明） | https://www.yoshidaya-web.com/howto/detail.php?id=290
特上佐賀牛ステーキコース | 7000 | 税込（湯豆腐が含まれるかは未確認） | https://www.yoshidaya-web.com/howto/detail.php?id=290","ランチ利用時の大浴場入浴 | 660 | 通常1,100円から550円割引。貸切風呂はランチ利用時3,300円（通常4,400円） | https://www.yoshidaya-web.com/ryokan/oneday/
温泉豆腐（宿泊料理内） |  | 検索結果要約「温泉豆腐美味しい」との記述のみ。価格不明 | https://tabelog.com/saga/A4104/A410401/41002508/dtlrvwlst/B456669992/",,,,,,,,"創業80〜90年以上、嬉野川沿いの「SAGA modern」な隠れ家宿（19室）
平日も旅館ランチを営業、湯豆腐コースなど選べる食事セット
ランチ利用で日帰り入浴・貸切風呂が割引
日帰り入浴可
旅館吉田屋内の個室和食ダイニングで日帰りランチ利用可
佐賀牛しゃぶと温泉湯豆腐の組み合わせコース
公式オンラインショップで「嬉野温泉湯どうふ」を販売",嬉野温泉の旅館吉田屋が運営する個室和食ダイニング。平日限定の嬉野温泉湯豆腐尽くしコースや佐賀牛湯豆腐しゃぶコースを日帰りランチで提供する。担当範囲のグルメサイトでの個別掲載は検索結果から確認できず、情報は公式サイトの要約による。,https://yoshidaya-web.com/,https://tabelog.com/saga/A4104/A410401/41002508/,,,,,https://www.jalan.net/yad315653/,,," | https://www.yoshidaya-web.com/ryokan/oneday/
 | https://www.yoshidaya-web.com/howto/detail.php?id=290
 | https://www.yoshidaya-web.com/howto/detail.php?id=148
 | https://oyutabi.biglobe.ne.jp/h45080/
 | https://onsen.nifty.com/ureshino-onsen/onsen016960/
 | https://www.yukoyuko.net/onsen/spot/h0001250
 | https://www.asobo-saga.jp/stays/detail/dc82aa0c-0290-4f9b-8d51-669550aad6fd
 | https://spa-u.net/facility/2017/06/org-entry-016.php",3.21,27,,,"日帰り｜旅館吉田屋（公式） | https://www.yoshidaya-web.com/ryokan/oneday/ | 2026-10-04 | 湯豆腐コース3,000円(税込3,300円)、入浴割引、営業時間
旅館ランチ新メニューのご案内｜旅館吉田屋 | https://www.yoshidaya-web.com/howto/detail.php?id=290 | 2026-10-04 | 
佐賀県 日帰りでランチをして温泉にも入れる口コミで人気の温泉宿11選（BIGLOBE温泉） | https://oyutabi.biglobe.ne.jp/410000-d07d-e00b/ | 2026-10-04 | 3,300円湯豆腐コース〜10,000円特別コース
旅館吉田屋 Ryokan yoshidaya（spa-u.net） | https://spa-u.net/facility/2017/06/org-entry-016.php | 2026-10-04 | 80年以上の歴史、19室、嬉野川沿い
嬉野の温泉水でつくる「温泉湯どうふ」 - あそぼーさが | https://www.asobo-saga.jp/articles/detail/0fadc0b4-e4ff-4b7f-9096-2feb84b653de | 2026-10-04 | 旅館吉田屋「虚空蔵」Dining KOKUNZO、佐嘉平川屋、大正屋が温泉湯豆腐を楽しめる施設として紹介
吉田屋 - 嬉野温泉/ホテル - 食べログ | https://tabelog.com/en/saga/A4104/A410401/41002508/ | 2026-10-04 | 検索結果タイトルによる
【クーポンあり】食事が楽しめる嬉野の温泉おすすめ17選｜ニフティ温泉 | https://onsen.nifty.com/ft-oshokuji/ureshino-onsen/ | 2026-10-04 | 『家族湯と温泉湯どうふのセットプラン 大人2,700円〜』の施設名は未特定
吉田屋 - 嬉野温泉/ホテル [食べログ] | https://tabelog.com/saga/A4104/A410401/41002508/ | 2026-10-04 | WebSearch結果の要約による。住所・点数3.21・口コミ27件・営業時間・不定休・「温泉豆腐美味しい」
『嬉野旅館・吉田屋のメインダイニング「虚空蔵」と「足湯BARクロニクルテラス」…』by JNFJT / 『嬉野温泉吉田屋さん』by Rio7 | https://tabelog.com/saga/A4104/A410401/41002508/dtlrvwlst/B80761915/ | 2026-10-04 | 口コミタイトルによる。関連: https://tabelog.com/saga/A4104/A410401/41002508/dtlrvwl",高,2026-10-04,"大字の「甲」は近隣住所からの推定。コース価格は 3,300円/3,630円 の2表記"
riverpark,RIVERPARK HOTEL（リバーパークホテル）,りばーぱーくほてる,旅館・ホテル,要確認,未確認,佐賀県嬉野市嬉野町（番地未取得）,33.099522,129.983805,概略,,,,,,,,,,,,,,spa-u.net ホテル一覧に掲載,spa-u.net のホテル一覧に掲載されているホテル。詳細は検索上限のため未調査。,,,,,,,,,, | https://spa-u.net/facility/stay/hotel/,,,,,ホテル（spa-u.net 宿泊施設一覧） | https://spa-u.net/facility/stay/hotel/ | 2026-10-04 | 一覧に名称あり,低,2026-10-04,
wataya,和多屋別荘,わたやべっそう,旅館・ホテル,公開,確認済み,佐賀県嬉野市嬉野町大字下宿乙738,33.099522,129.983805,概略,,レストラン利休ランチ: 日・祝 12:00-14:00（最終入店13:00、前日17時までの予約制）。日帰り入浴 14:00-20:00,,"朝食
ディナー
ランチ
日帰り",利休「お茶と温泉どうふ」ランチ | 3500 | 税込。季節の小鉢3種・嬉野茶・湯豆腐・御飯・味噌汁・お造り・焼魚・肉料理。日・祝のみ・予約制。掲載年不明 | https://wataya.co.jp/facility/rikyu,"日帰り入浴（大人） | 1300 | 14:00-20:00。掲載年不明 | https://spa-u.net/facility/2017/06/watayabessou.php
朝食付き宿泊プラン（2名1室） | 24200 | 税込24,200〜66,000円（JTBプラン一覧、2026年時点の検索結果） | https://www.jtb.co.jp/kokunai-hotel/htl/8146001/plan/",館内に「佐嘉平川屋 和多屋別荘店」（朝夕食の製造元は未確認）,,,https://wataya.co.jp/facility/hirakawaya,源泉掛け流し（源泉名・自家/共同は未確認）,,,"館内レストラン「利休」「李荘庵」で日帰り昼食可
日帰り入浴あり
約2万坪の敷地中央に嬉野川が流れる、江戸期からの歴史を継ぐ老舗（118室・500名）
大浴場「御影殿」、露天・浮世風呂
レストラン「利休」で嬉野名物「温泉湯豆腐」ランチ（週末限定で「利休」「李荘庵」ランチ）
館内に「佐嘉平川屋 嬉野店」、昼食付き日帰りプランあり
日帰り入浴可",嬉野川を敷地内に抱く約2万坪の大型老舗旅館。日本料理「利休」では嬉野茶と温泉湯豆腐を組み合わせた予約制ランチを提供し、館内の「佐嘉平川屋 嬉野店」と組んだ昼食付き日帰りプランもある。源泉掛け流しの大浴場は日帰り入浴にも開放されている。,https://wataya.co.jp/,https://tabelog.com/saga/A4104/A410401/41000443/,,,,,,https://travel.rakuten.co.jp/HOTEL/40527/review.html,," | https://www.jtb.co.jp/kokunai-hotel/htl/8146001/plan/
 | https://travel.yahoo.co.jp/00001968/
 | https://www.yukoyuko.net/4138
 | https://hotel.travel.rakuten.co.jp/hotelinfo/dayuse/40527
 | https://hotel.travel.rakuten.co.jp/hotelinfo/plan/40527
 | https://onsen.nifty.com/ureshino-onsen/onsen004122/
 | https://spa-u.net/facility/2017/06/org-entry-001.php
 | https://spa-u.net/facility/2017/06/watayabessou.php",,,,,"利休｜レストラン&スパ｜和多屋別荘 | https://wataya.co.jp/facility/rikyu | 2026-10-04 | 「お茶と温泉どうふ」ランチ内容・3,500円税込・営業日時・予約制
【週末限定】「利休」「李荘庵」ランチスタート！｜和多屋別荘 | https://wataya.co.jp/event/%E3%80%90%E9%80%B1%E6%9C%AB%E9%99%90%E5%AE%9A%E3%80%91%E3%80%8C%E5%88%A9%E4%BC%91%E3%80%8D%E3%80%8C%E6%9D%8E%E8%8D%98%E5%BA%B5%E3%80%8D%E3%83%A9%E3%83%B3%E3%83%81%E3%82%B9%E3%82%BF%E3%83%BC%E3%83%88 | 2026-10-04 | 週末ランチ
「和多屋別荘 利休」で嬉野名物「温泉湯豆腐」（食べログ口コミ） | https://tabelog.com/saga/A4104/A410401/41000443/dtlrvwlst/B112811762/ | 2026-10-04 | 利休で温泉湯豆腐
楽天トラベル: 嬉野温泉 和多屋別荘 日帰り・デイユースプラン一覧 | https://hotel.travel.rakuten.co.jp/hotelinfo/dayuse/40527 | 2026-10-04 | 館内「佐嘉平川屋」昼食付き日帰りプラン
和多屋別荘(日帰り温泉） Wataya Besso（spa-u.net） | https://spa-u.net/facility/2017/06/watayabessou.php | 2026-10-04 | 源泉掛け流し、御影殿、日帰り入浴1,300円 14:00-20:00
和多屋別荘 Wataya Besso（spa-u.net） | https://spa-u.net/facility/2017/06/org-entry-001.php | 2026-10-04 | 2万坪、118室500名
温泉湯どうふ 買えるお店（嬉野温泉観光協会） | https://spa-u.net/facility/yu-tofu/buy/ | 2026-10-04 | 
嬉野温泉 presents とろとろ温泉湯どうふガーデン | https://sagaprise.jp/ureshino-yudofu-garden/index.html | 2026-10-04 | （出店者）",高,2026-10-04,
warakuen,茶心の宿 和楽園,わらくえん,旅館・ホテル,公開,確認済み,佐賀県嬉野市嬉野町大字下野甲33,33.100331,130.00119,概略,0954-43-3181,日帰り入浴 11:30-14:00,日帰り入浴は火曜休,"朝食
日帰り",とろりとろける温泉湯豆腐 胡麻坦々小鍋仕立て |  | 食べログ掲載情報の要約に料理名として登場。価格不明（宿泊料理の一品と思われる） | https://tabelog.com/saga/A4104/A410401/41003654/,"日帰り入浴（大人） | 1200 | 子供600円。2024年4月時点。貸切風呂3,500円/50分（3名まで、追加1名500円） | https://spa-u.net/facility/2017/06/-warakuen.php
宿泊（2名1室・目安） | 17000 | 17,000〜188,200円/泊（JTBプラン一覧、茶懐石等含む） | https://www.jtb.co.jp/kokunai-hotel/htl/8146003/plan/
嬉野温泉湯豆腐（朝食のメイン、宿泊者向け） |  | 価格未取得。嬉野産大豆「ふくゆたか」100%使用。宿泊プラン内のため単品価格なし | https://www.warakuen.co.jp/",嬉野産大豆ふくゆたか100%（製造元未確認）,,,,,,,"嬉野川沿い、嬉野茶を「飲む・食べる・浴びる」宿（48室・150名）
嬉野茶を注いだ茶風呂露天
朝食は嬉野産フクユタカ100%の温泉湯どうふがメイン、茶粥・茶酢・嬉野茶のり等
日帰り入浴・貸切風呂あり（火曜休）
茶風呂で有名な「茶心の宿」（口コミタイトルによる）
食べログ保存159件
嬉野茶を浸したお茶風呂が特徴の旅館",嬉野茶の茶風呂で知られる旅館。朝食のメインに嬉野産ふくゆたか100%の嬉野温泉湯豆腐を出すが、日帰りランチプランは休止中で、宿泊者以外が湯豆腐を食べる手段は現時点で確認できなかった。,https://www.warakuen.co.jp/,https://tabelog.com/saga/A4104/A410401/41003654/,,,,,https://www.jalan.net/yad398785/,,," | https://www.jtb.co.jp/kokunai-hotel/htl/8146003/plan/
 | https://travel.yahoo.co.jp/00031207/
 | https://yado.knt.co.jp/st/S410026/
 | https://spa-u.net/facility/2017/06/org-entry-004.php
 | https://spa-u.net/facility/2017/06/-warakuen.php
 | https://www.ikyu.com/en-us/00031207/
 | https://www.yukoyuko.net/onsen/spot/h0000594
 | https://www.asobo-saga.jp/stays/detail/618610a4-6a44-48f0-875f-8fe834acb4eb",3.18,22,,,"嬉野温泉 茶心の宿 和楽園（じゃらんnet） | https://www.jalan.net/yad398785/ | 2026-10-04 | 朝食の温泉湯どうふ（フクユタカ100%）・茶粥
茶心の宿 和楽園（近畿日本ツーリスト） | https://yado.knt.co.jp/st/S410026/ | 2026-10-04 | 施設概要
茶心の宿 和楽園（日帰り温泉）（spa-u.net） | https://spa-u.net/facility/2017/06/-warakuen.php | 2026-10-04 | 日帰り入浴時間・料金・貸切風呂
茶心の宿 和楽園 Warakuen（spa-u.net） | https://spa-u.net/facility/2017/06/org-entry-004.php | 2026-10-04 | 48室150名、茶の宿コンセプト
嬉野温泉にある旅館は、茶風呂で有名な茶心の宿「和楽園」さんです！(ススムおじさん) [食べログ] | https://tabelog.com/saga/A4104/A410401/41003654/dtlrvwlst/B112052533/ | 2026-10-04 | WebSearch結果の要約による。点数3.18・口コミ22件・保存159件・予算¥20,000〜¥29,999
嬉野市でおすすめの和食(湯豆腐) [食べログ]（検索結果要約） | https://tabelog.com/keywords/%E6%B9%AF%E8%B1%86%E8%85%90/saga/A4104/A410401/kwdLst/washoku/ | 2026-10-04 | 要約で「和楽園 点数3.18、予算¥15,000〜¥19,999、とろりとろける温泉湯豆腐 胡麻坦々小鍋仕立て」と表示
佐賀 嬉野温泉 茶心の宿 和楽園（公式） | https://www.warakuen.co.jp/ | 2026-10-04 | 住所・電話・朝食の湯豆腐（ふくゆたか100%）・日帰りランチ休止
茶心の宿 和楽園（日帰り温泉）|ゆこゆこ温泉ガイド | https://www.yukoyuko.net/onsen/spot/h0000594 | 2026-10-04 | 日帰り温泉時間・料金",高,2026-10-04,日帰りランチは休止中との記載あり（検索要約）
konomenosato,このめの里,このめのさと,豆腐店・製造元,公開,確認済み,佐賀県嬉野市嬉野町大字下宿甲2094-15,33.110719,129.994535,概略,0954-42-1380,,,"テイクアウト
通販",嬉野温泉どうふ2丁セット（通販・お取り寄せ商品） |  | 価格未取得。嬉野温泉観光協会の「豆腐・温泉湯どうふ」買えるお店カテゴリに掲載 | https://spa-u.net/facility/2019/01/post-113.php,,自家製,konomenosato,,,嬉野温泉水（詳細未確認）,,,"嬉野温泉観光協会サイトの「豆腐・温泉湯どうふ（買えるお店）」に掲載
飲食（食事処）としての営業は検索結果から確認できず
温泉湯どうふ製造元の中では新興（大村屋noteで「ニューカマー」と評される）
豆の香りが良く食感も良い、品質が継続的に向上していると評される
2018年 品川『嬉野温泉 presents とろとろ温泉湯どうふガーデン』に出店
テイクアウト・配送対応（観光協会掲載）",嬉野温泉観光協会の豆腐・温泉湯どうふ販売店として掲載される業者で、嬉野温泉どうふ2丁セットの通販を行う。食事提供の有無や価格は検索結果から確認できず、担当範囲のグルメサイトにも掲載がなかった。,,,,,,,,,," | https://spa-u.net/facility/2019/01/post-113.php
 | https://spa-u.net/facility/shopping/yu-tofu/
 | https://sagaprise.jp/ureshino-yudofu-garden/lineup/konome/index.html
 | https://spa-u.net/facility/yu-tofu/buy/",,,,,"このめの里 - 嬉野温泉観光協会 | https://spa-u.net/facility/2019/01/post-113.php | 2026-10-04 | 住所
豆腐・温泉湯どうふ - 嬉野温泉観光協会（買えるお店） | https://spa-u.net/facility/shopping/yu-tofu/ | 2026-10-04 | 検索結果一覧に出現。嬉野温泉どうふ2丁セットの通販の言及
温泉湯どうふ 買えるお店（嬉野温泉観光協会） | https://spa-u.net/facility/yu-tofu/buy/ | 2026-10-04 | （電話番号）
このめの里 « 嬉野温泉 presents とろとろ温泉湯どうふガーデン | https://sagaprise.jp/ureshino-yudofu-garden/lineup/konome/index.html | 2026-10-04 | 検索結果タイトル・要約による
嬉野温泉湯豆腐の豆腐メーカー6社を食べ比べ（旅館大村屋 note） | https://note.com/ryokanoomuraya/n/n644714b822a0 | 2026-10-04 | （新興・豆の香り）",低,2026-10-04,住所は検索要約による低確度。営業時間・価格は未取得
hirakawaya-takeo,佐嘉平川屋 武雄温泉本店,さがひらかわや たけおおんせんほんてん,豆腐店・製造元,公開,確認済み,佐賀県武雄市武雄町大字武雄7411,33.186132,130.008302,概略,0954-27-8481,,,"ランチ
テイクアウト
通販",温泉湯豆腐御膳 | 3500 | 掲載時点 | https://www.sagatv.co.jp/kachiplus/media/archives/1663065,,自家製,hirakawaya-takeo,,,「温泉と同じ成分の調理水」と豆腐だけで作る温泉湯豆腐（嬉野温泉水の使用有無は未確認）,,,"嬉野市外（武雄市）の本店。嬉野店・和多屋別荘店に供給
1950年創業
1950年（昭和25年）創業、創業60余年の老舗豆腐店（たびらい）
古民家風の店舗
豆乳パフェなどスイーツも人気",武雄市の老舗豆腐店。嬉野店（嬉野町下宿乙1463）と和多屋別荘店を嬉野温泉に出店し、温泉湯豆腐を提供・販売。,https://saga-hirakawaya.jp/,,,,,,,,," | https://saga-hirakawaya.jp/brand/shop/
 | https://saga-hirakawaya.jp/brand/shop2/
 | https://www.asobo-saga.jp/vegetarian-guide/detail/a8d91360-fa80-41f5-a968-34118c9dc95c
 | https://www.sagatv.co.jp/kachiplus/media/archives/1663065
 | https://www.navitime.co.jp/poi?spot=02022-10002727
 | https://www.tabirai.net/sightseeing/column/0007985.aspx",,,,,"佐嘉平川屋 武雄温泉本店（NAVITIME） | https://www.navitime.co.jp/poi?spot=02022-10002727 | 2026-10-04 | （住所・電話）
豆腐が溶けて雑炊に!?武雄温泉名物温泉湯豆腐「佐嘉平川屋 武雄温泉本店」（kachi kachi plus） | https://www.sagatv.co.jp/kachiplus/media/archives/1663065 | 2026-10-04 | （1950年創業、フクユタカ、調理水、御膳3,500円）
「佐嘉平川屋」創業60余年（たびらい） | https://www.tabirai.net/sightseeing/column/0007985.aspx | 2026-10-04 | 検索結果タイトルによる",中,2026-10-04,
yudofu-honpo,大正屋 湯どうふ本舗,たいしょうや ゆどうふほんぽ,豆腐店・製造元,公開,確認済み,佐賀県嬉野市嬉野町大字下宿乙2302-3,33.099522,129.983805,概略,0954-42-1498,9:00〜17:00,水曜日,"テイクアウト
通販","とろける湯どうふ 2丁入り（豆腐350g×2、豆乳90ml、温泉調理水900mlペットボトル、ごま醤油、かつお節1袋、おろし生姜1袋、七味2袋） | 2160 | 税込。送料は全国1,200円（クール便込、一部地域除く）、北海道・沖縄1,600円 | https://yudofuhonpo.com/item-detail/1569838
とろける湯どうふ 3丁入り（豆腐350g×3、豆乳90ml、温泉調理水900ml、ごま醤油、かつお節、おろし生姜、七味2袋） | 2700 | 税込。送料同上 | https://shop.taishoya.com/products/torokeru_yudofu3
とろける湯どうふ お味見セット（mokushop） |  | 価格未取得 | https://mokushop.jp/shop/product/detail/3505892
とろける湯どうふセット（大正屋自家製、持ち帰り商品） |  | 価格未取得。価格は検索結果から取得できず | https://www.tabirai.net/sightseeing/column/0002553.aspx
吟醸どうふセット | 2160 | 税込表記とみられる（消費税8%時代の価格、掲載年不明）。浄土宗新聞の店紹介記事の要約による | https://jodo.or.jp/newspaper/shop/6732/
かご盛りどうふセット | 2920 | 同上 | https://jodo.or.jp/newspaper/shop/6732/
生ゆば | 756 | 同上 | https://jodo.or.jp/newspaper/shop/6732/
濃厚豆乳（500ml） | 324 | 同上 | https://jodo.or.jp/newspaper/shop/6732/",,自家製（大正屋グループ）,yudofu-honpo,嬉野市産ふくゆたか,,嬉野温泉水（温泉調理水900mlを同梱）。嬉野観光ホテル大正屋には自家源泉の温泉分析書があるが、湯どうふ本舗の調理水がそ,,,"老舗旅館 大正屋の直営
「とろける湯どうふ」セットを製造・通販
大正14年（1925年）創業の老舗旅館・大正屋が運営する湯どうふ専門店
『ななつ星 in 九州』でも使用される太良のミカンジュースなど嬉野近隣の特産品も販売
駐車場あり
新幹線嬉野温泉駅利用者向けの土産としても紹介
老舗旅館・大正屋グループの湯どうふ・ゆば直売店","老舗旅館「大正屋」直営の温泉湯どうふ製造・販売店。「とろける湯どうふ」セット（2丁2,160円／3丁2,700円 税込）を店頭・大正屋売店・公式通販（yudofuhonpo.com、shop.taishoya.com）で販売。",https://yudofuhonpo.com/,https://tabelog.com/saga/A4104/A410401/41006117/,,,,,,,,"オンラインショップ | https://shop.taishoya.com/
 | https://spa-u.net/facility/2017/06/taishoya-yudofu-honpo.php
 | https://www.tabirai.net/sightseeing/column/0002553.aspx
 | https://jodo.or.jp/newspaper/shop/6732/
 | https://www.facebook.com/yudoufuhonpo/
 | https://yudofuhonpo.com/fee
 | https://ureshinohigaeri.com/taishoya_baiten.html
 | https://www.taishoya.com/",,2,,,"大正屋 湯どうふ本舗／嬉野温泉（たびらい） | https://www.tabirai.net/sightseeing/column/0002553.aspx | 2026-10-04 | （住所・電話・営業時間・定休日・駐車場・ミカンジュース）
とろける湯どうふ 2丁入り（湯どうふ本舗 online） | https://yudofuhonpo.com/item-detail/1569838 | 2026-10-04 | （価格・セット内容・大豆）
送料（湯どうふ本舗 online） | https://yudofuhonpo.com/fee | 2026-10-04 | （送料1,200円／1,600円）
とろける湯どうふ3丁入り（大正屋公式ショップ） | https://shop.taishoya.com/products/torokeru_yudofu3 | 2026-10-04 | （2,700円税込）
嬉野温泉のお土産なら大正屋（大正屋売店） | https://ureshinohigaeri.com/taishoya_baiten.html | 2026-10-04 | （売店での販売価格）
甘くてふわとろもっちり！嬉野の名物温泉湯豆腐 嬉野温泉大正屋 湯どうふ本舗（浄土宗新聞） | https://jodo.or.jp/newspaper/shop/6732/ | 2026-10-04 | 検索結果タイトルのみ確認
大正屋 湯どうふ本舗 taishoya yudofu honpo - 嬉野温泉観光協会 | https://spa-u.net/facility/2017/06/taishoya-yudofu-honpo.php | 2026-10-04 | 検索結果タイトルによる
嬉野観光ホテル大正屋 鹿島/日本料理・懐石・会席 山口 剛 氏 おすすめのお店 - ヒトサラ | https://hitosara.com/0006125170/person_rec/ | 2026-10-04 | 検索結果タイトルによる。hitosara URLはこのページのIDから店舗トップURLを構成（本館側の掲載）
湯どうふ本舗 - 嬉野温泉/その他 [食べログ] | https://tabelog.com/en/saga/A4104/A410401/41006117/ | 2026-10-04 | WebSearch結果の要約による。住所・電話・口コミ2件・駅距離
嬉野市でおすすめのグルメ情報(湯豆腐) [食べログ] | https://tabelog.com/keywords/%E6%B9%AF%E8%B1%86%E8%85%90/saga/A4104/A410401/kwdLst/ | 2026-10-04 | 検索結果要約で「湯どうふ本舗 - 専門店」として言及",高,2026-10-04,
fukuda,福田豆腐店,ふくだとうふてん,豆腐店・製造元,公開,確認済み,佐賀県嬉野市嬉野町大字下宿丙110-2,33.095065,129.972076,概略,0954-42-1112,早朝から売り切れ次第終了,水曜日,"テイクアウト
通販","嬉野温泉湯豆腐 2丁セット（温泉どうふ・調理水・専用ゴマだれ濃縮） | 3300 | 税込・送料無料（ureshino-tofu.com 掲載）。STORES 旧掲載では3,600円（送料込、北海道・沖縄+500円） | https://ureshino-tofu.com/back-order/
嬉野温泉湯豆腐 3丁セット | 3500 | 税込・送料無料（ureshino-tofu.com）。STORES 掲載では3,900円 | https://ureshino-tofu.stores.jp/items/6142ca9a306ad370fb2a9974
嬉野温泉湯豆腐 4丁セット | 4000 | 税込・送料無料（ureshino-tofu.com）。STORES 掲載では4,500円 | https://ureshino-tofu.stores.jp/items/6142cb95a102750b4961381b
嬉野温泉湯豆腐 6丁セット | 4800 | 税込・送料無料（ureshino-tofu.com）。STORES 掲載では5,100円 | https://ureshino-tofu.com/back-order/
佐賀県嬉野温泉湯どうふ（JAタウン・さが風土館季楽／製造者 福田豆腐店）豆腐450g×3丁（3〜5人分） | 3000 | 税込（JAタウン掲載）。原材料: 佐賀県産大豆100%、にがり（塩化マグネシウム）、ごまだれ（しょうゆ・砂糖・米発酵調味料・ごま・アミノ酸等・ビタミンB1） | https://www.ja-town.com/shop/g/g8101-500071013/
[福田とうふ店] 嬉野 温泉湯豆腐 5丁セット（niji-dept） |  | 価格未取得 | https://www.niji-dept.com/view/item/000000000735",,自家製,fukuda,,,嬉野温泉水を「調理水」としてセットに同梱（源泉名は未確認）,,,"JAタウン「佐賀県嬉野温泉湯どうふ」の製造者
持ち帰り・宅配可
嬉野で長く愛される豆腐専門店
湯野田地区に立地（大村屋noteで藤川と並び『F2』と呼ばれる）
通販セットは送料無料（ureshino-tofu.com）
嬉野温泉湯どうふ協議会掲載の製造元5社の一つ",嬉野温泉観光協会が紹介する温泉湯どうふ製造元5社の一つ。店頭販売のほか公式サイト（ureshino-tofu.com）と STORES で温泉湯豆腐お取り寄せセットを販売。JAタウンの「佐賀県嬉野温泉湯どうふ」の製造者でもある。,https://ureshino-tofu.com/,https://tabelog.com/en/saga/A4104/A410401/41006845/,,,,,,,,"オンラインショップ | https://ureshino-tofu.stores.jp/
 | https://spa-u.net/facility/2019/01/post-108.php
 | https://ureshino-tofu.com/back-order/
 | https://www.ja-town.com/shop/g/g8101-500071013/
 | https://www.niji-dept.com/view/item/000000000735",,,,,"福田豆腐店（嬉野温泉観光協会） | https://spa-u.net/facility/2019/01/post-108.php | 2026-10-04 | （住所・電話・営業時間・定休日）
温泉湯豆腐お取り寄せセット（福田とうふ店） | https://ureshino-tofu.com/back-order/ | 2026-10-04 | （価格・送料）
嬉野 福田とうふ店（STORES） | https://ureshino-tofu.stores.jp/ | 2026-10-04 | （旧価格）
佐賀県嬉野温泉湯どうふ（JAタウン） | https://www.ja-town.com/shop/g/g8101-500071013/ | 2026-10-04 | （価格3,000円税込、製造者 福田豆腐店、原材料）
嬉野温泉湯豆腐の豆腐メーカー6社を食べ比べ（旅館大村屋 note） | https://note.com/ryokanoomuraya/n/n644714b822a0 | 2026-10-04 | （湯野田地区・F2）",高,2026-10-04,
fujikawa,藤川豆腐店,ふじかわとうふてん,豆腐店・製造元,公開,確認済み,佐賀県嬉野市嬉野町大字下宿丙64-1,33.095065,129.972076,概略,0954-43-1683,8:00〜16:00,水曜日,"テイクアウト
通販","温泉湯どうふ お試しセット（豆腐1丁・調理水1袋・ごまだれ・柚子胡椒） |  | 価格未取得 | https://www.fujikawa102.com/view/category/yudoufu
温泉湯どうふ 2丁セット（ポン酢／ごまだれ選択） | 2380 | 税込 | https://www.fujikawa102.com/view/category/yudoufu
温泉湯どうふ 3丁セット（ポン酢／ごまだれ選択） | 2970 | 税込 | https://www.fujikawa102.com/view/category/yudoufu
2丁＋豚しゃぶセット |  | 価格未取得 | https://www.fujikawa102.com/view/category/all_items
2丁＋生ゆばセット | 3200 | 税込 | https://www.fujikawa102.com/view/category/all_items
3丁＋生ゆばセット | 3500 | 税込 | https://www.fujikawa102.com/view/category/all_items
【直営 お食事処 十笑】温泉湯豆腐定食（朝食 8:00〜10:00、湯豆腐おかわり自由） | 1500 | 佐賀新聞記事掲載時点 | https://www.saga-s.co.jp/articles/-/1297827
【直営 お食事処 十笑】十笑御膳（温泉湯豆腐が主役、20食限定） | 1600 | 掲載時点 | https://www.oomuraya.co.jp/kurashikanko/fujikawa-tofu/
湯豆腐（単品） |  | 価格不明。食べログ「温泉湯豆腐 単品」「テイクアウト」検索結果の要約に登場 | https://tabelog.com/saga/A4104/A410401/41007473/",,自家製,fujikawa,嬉野市産大豆ふくゆたか100%,,嬉野温泉水の「調理水」をセットに同梱（源泉名は未確認）,,,"1967年創業・三代目
直営食事処「十笑」を併設
旅館大村屋の朝食用豆腐を供給
1967年（昭和42年）創業、現在三代目
湯野田地区（温泉湯どうふの聖地と呼ばれ6社中3社が集中）に立地
2018年 品川『とろとろ温泉湯どうふガーデン』出店
豆腐店（食べログジャンル: その他）",昭和42年創業の嬉野の豆腐店。嬉野市産ふくゆたか100%の温泉湯どうふを公式通販（fujikawa102.com）で販売し、直営食事処「十笑」で温泉湯豆腐定食などを提供。旅館大村屋の朝食用豆腐の供給元。,https://www.fujikawa102.com/,https://tabelog.com/en/saga/A4104/A410401/41007473/,,,,,,,,"オンラインショップ | https://www.fujikawa102.com/view/category/yudoufu
 | https://www.fujikawa102.com/view/company
 | https://www.fujikawa102.com/view/page/shop
 | https://www.fujikawa102.com/view/page/about
 | https://tabelog.com/en/saga/A4104/A410401/41008065/
 | https://sagaprise.jp/ureshino-yudofu-garden/lineup/fujikawa/index.html
 | https://tofoodof.com/makers/saga/fujikawatofu/",,,,,"藤川豆腐店について（公式） | https://www.fujikawa102.com/view/company | 2026-10-04 | （創業年・三代目・台車配達の逸話）
藤川豆腐店（Yahoo!マップ） | https://map.yahoo.co.jp/v3/place/aqe3YRyjOQ- | 2026-10-04 | （住所・電話・営業時間・定休日）
温泉湯どうふ（公式通販カテゴリ） | https://www.fujikawa102.com/view/category/yudoufu | 2026-10-04 | （セット価格）
藤川豆腐店直営の十笑で温泉湯どうふを堪能！（大村屋 くらし観光） | https://www.oomuraya.co.jp/kurashikanko/fujikawa-tofu/ | 2026-10-04 | （十笑御膳1,600円、大村屋朝食が藤川豆腐店の豆腐）
嬉野名物温泉湯豆腐 直営店でできたてを（佐賀新聞） | https://www.saga-s.co.jp/articles/-/1297827 | 2026-10-04 | （創業56年、朝食定食1,500円、嬉野産フクユタカ）
嬉野温泉湯豆腐の豆腐メーカー6社を食べ比べ（旅館大村屋 note） | https://note.com/ryokanoomuraya/n/n644714b822a0 | 2026-10-04 | （豆腐の特徴評）
Fujikawa Tofu Ten - Ureshino Onsen/Other [食べログ英語版] | https://tabelog.com/en/saga/A4104/A410401/41007473/ | 2026-10-04 | WebSearch結果の要約による。湯豆腐単品・テイクアウト・隣接工房",高,2026-10-04,
hirakawaya-wataya,佐嘉平川屋 和多屋別荘店,さがひらかわや わたやべっそうてん,物販・土産,公開,確認済み,佐賀県嬉野市嬉野町大字下宿乙738（和多屋別荘内）,33.099522,129.983805,概略,,10:00-18:00（テイクアウト、検索要約による）,,テイクアウト,"温泉湯豆腐（有田焼・李荘窯の器で提供） |  | 価格未取得 | https://prtimes.jp/main/html/rd/p/000000076.000086101.html
温泉湯豆腐 |  | 価格未取得。和多屋別荘公式サイトの施設紹介で温泉湯豆腐と豆腐スイーツの提供が言及されるのみ | https://wataya.co.jp/facility/hirakawaya",,佐嘉平川屋,hirakawaya-takeo,,,未確認,,,"2024年7月25日にポップアップレストラン『佐嘉平川屋 in 和多屋別荘』としてオープン（PR TIMES）
温泉湯豆腐や豆乳スイーツを提供
和多屋別荘公式サイトに「レストラン&スパ」として掲載
旅館・和多屋別荘内に出店した佐嘉平川屋の店舗
温泉湯豆腐と豆腐を使ったスイーツを提供（公式サイト要約による）",嬉野温泉の大型旅館・和多屋別荘の館内にある佐嘉平川屋の出店。1950年創業の豆腐専門店による温泉湯豆腐と豆腐スイーツを提供するとされるが、グルメサイトでの個別掲載や価格は検索結果からは確認できなかった。,https://wataya.co.jp/facility/hirakawaya,,,,,,,,," | https://wataya.co.jp/facility/hirakawaya-2
 | https://prtimes.jp/main/html/rd/p/000000076.000086101.html
 | https://wataya.co.jp/facility",,,,,"佐嘉平川屋 和多屋別荘店｜レストラン&スパ（和多屋別荘） | https://wataya.co.jp/facility/hirakawaya | 2026-10-04 | 検索結果タイトルによる
ポップアップレストラン『佐嘉平川屋 in 和多屋別荘』2024年7月25日オープン（PR TIMES） | https://prtimes.jp/main/html/rd/p/000000076.000086101.html | 2026-10-04 | 
佐嘉平川屋｜レストラン&スパ｜和多屋別荘 | https://wataya.co.jp/facility/hirakawaya-2 | 2026-10-04 | 検索結果タイトルのみ",中,2026-10-04,
kihara,食菜市場きはら,しょくさいいちば きはら,物販・土産,公開,確認済み,佐賀県嬉野市嬉野町大字下宿乙873-2,33.099522,129.983805,概略,0954-42-0377,10:00〜19:00,,テイクアウト,"温泉湯どうふ用 温泉水（調理水） |  | 価格未取得。公式サイト要約に「湯どうふ用の嬉野温泉水・調理水を購入できる」。旅館大村屋ブログ要約では「温泉湯どうふの材料が300円前後で手に入る」とあるが対象商品・時期は未確認 | https://www.oomuraya.co.jp/kurashikanko/kihara/
温泉湯どうふ・調理水（製造元・価格未取得） |  | 価格未取得 | https://shokusaiichiba-kihara.jp/store/
よもぎ団子（自家栽培よもぎ、毎日手作り） |  | 価格未取得 | https://shokusaiichiba-kihara.jp/",,仕入れ,,仕入れ（製造元未確認）,,嬉野温泉（湯どうふ用温泉水を販売、源泉名は未確認）,,,"温泉湯どうふ・調理水（温泉水）を販売
シーボルトのあし湯の目の前
嬉野温泉商店街（シーボルトの湯・足湯の近く）にある1970年創業の八百屋・惣菜店
毎朝30分離れた市場から仕入れる地元の旬野菜・果物
手づくり弁当・惣菜（よもぎだんご、いきなり団子風のさつまいも菓子、押し寿司など）
湯どうふ用の温泉水（調理水）を購入でき、自宅で温泉湯どうふを再現できる
地元野菜の八百屋・惣菜・弁当・仕出し。「嬉野の台所」と呼ばれる",嬉野温泉街の『台所』と呼ばれる地元向け市場。観光客向けの湯どうふ店ではないが、湯どうふ用の嬉野温泉水（調理水）や材料を安価に買える場所として旅館大村屋のブログなどで紹介されている。,https://shokusaiichiba-kihara.jp/,https://tabelog.com/saga/A4104/A410401/41007910/,,,,,,,,"ブログ | https://www.oomuraya.co.jp/kurashikanko/kihara/
 | https://shokusaiichiba-kihara.jp/store/
 | https://loco.yahoo.co.jp/place/g-lEXAHfdI8Cc/
 | https://4travel.jp/dm_shisetsu/11370889
 | https://ureshicard.com/blog/%E9%A3%9F%E5%BD%A9%E5%B8%82%E5%A0%B4%E3%80%80%E3%81%8D%E3%81%AF%E3%82%89/
 | http://www.barifuri.jp/portal/facility/1823/detail
 | https://spa-u.net/facility/2016/01/org-entry-234.php",,,,,"【嬉野温泉】食菜市場きはら - 地元野菜の八百屋・お弁当・惣菜のお店。（公式） | https://shokusaiichiba-kihara.jp/ | 2026-10-04 | 湯どうふ用温泉水・調理水の販売、1970年創業
食菜市場きはら（公式 店舗情報） | https://shokusaiichiba-kihara.jp/store/ | 2026-10-04 | 住所 下宿乙873-2、10:00-19:00、TEL 0954-42-0377
食菜市場きはらは嬉野の台所！絶品お惣菜を爆買いして食レポしてみた（旅館大村屋） | https://www.oomuraya.co.jp/kurashikanko/kihara/ | 2026-10-04 | 温泉湯どうふの材料が約300円で買える旨
食彩市場きはら - Yahoo!ロコ | https://loco.yahoo.co.jp/place/g-lEXAHfdI8Cc/ | 2026-10-04 | 検索結果に出現。表記は「食彩市場」
特産品販売 食菜市場きはら（嬉野温泉観光協会） | https://spa-u.net/facility/2016/01/org-entry-234.php | 2026-10-04 | 検索結果タイトルによる",中,2026-10-04,住所は 下宿乙873-2 / 岩屋川内甲74-2 の2表記あり（要確認）
ja-town,JAタウン「佐賀県嬉野温泉湯どうふ」（オンライン通販）,じぇいえーたうん,物販・土産,公開,確認済み,（オンライン）,,,不明,,,,通販,"佐賀県嬉野温泉湯どうふ（製造者: 福田豆腐店）豆腐450g×3丁、ごまだれ付、3〜5人分 | 3000 | 税込（送料は未取得） | https://www.ja-town.com/shop/g/g8101-500071013/
佐賀県嬉野温泉湯どうふ（セット内容・価格未取得） |  | 価格未取得。JA全農の通販サイト JAタウンに商品ページあり。製造元・価格はスニペットに出ず | https://www.ja-town.com/shop/g/g8101-500071013/",,福田豆腐店,fukuda,,https://www.ja-town.com/shop/g/g8101-500071013/,,,,"JAタウン（JA全農の産直通販）内のJAさが直営店
JA系通販サイトでの全国発送",JA全農の産直通販『JAタウン』に嬉野温泉湯どうふの商品ページが存在する。製造元（市内6社のいずれか）は未確認。,https://www.ja-town.com/shop/g/g8101-500071013/,,,,,,,,,,,,,,佐賀県嬉野温泉湯どうふ: さが風土館 季楽（JAタウン） | https://www.ja-town.com/shop/g/g8101-500071013/ | 2026-10-04 | （商品名・価格・製造者・原材料）,高,2026-10-04,
maruku,道の駅 うれしの まるく,みちのえき うれしの まるく,物販・土産,要確認,未確認,佐賀県嬉野市嬉野町大字下宿乙4370-2,33.099522,129.983805,概略,0954-27-8709,,,,嬉野市内の特産品（温泉湯どうふの取扱は未確認） |  | 価格未取得 | https://www.asobo-saga.jp/articles/detail/43976387-970c-409f-bdfb-13519d8180ed,,,,,,,,,"西九州新幹線 嬉野温泉駅に併設
道路・観光・イベント情報の提供と嬉野市の特産品展示・販売
足湯・手湯あり
隣接カフェ＆ショップ「UPLIFT SHIMOJYUKU」と合わせて嬉野・県内のおみやげを販売
嬉野温泉駅（2022年開業、嬉野市に91年ぶりの駅）併設の道の駅
隣接にセレクトショップ「アップリフトシモジュク」（10:00〜17:00）
観光情報・特産品販売",嬉野温泉駅併設の道の駅。市の特産品を販売しており、嬉野土産の集積地として紹介されているが、温泉湯どうふ（持ち帰りセット）の取り扱いは今回の検索結果では確認できなかった。,https://ureshinomaruku.jp/,,,,,,,,," | https://www.city.ureshino.lg.jp/shisetsu/_28624.html
 | https://www.qsr.mlit.go.jp/n-michi/michi_no_eki/kobetu/ureshino/ureshino.html
 | https://www.welcomekyushu.jp/event/?mode=detail&id=9999900069134&isSpot=1&isEvent=
 | https://www.asobo-saga.jp/articles/detail/43976387-970c-409f-bdfb-13519d8180ed
 | https://www.oomuraya.co.jp/kurashikanko/ureshino-shinkansen/
 | https://spa-u.net/shinkansen/",,,,,"嬉野市｜道の駅「うれしの まるく」 | https://www.city.ureshino.lg.jp/shisetsu/_28624.html | 2026-10-04 | 住所・電話
嬉野＆周辺おみやげ大集合！ 嬉野温泉駅併設の道の駅とショップで おすすめアイテムに出会う（あそぼーさが） | https://www.asobo-saga.jp/articles/detail/43976387-970c-409f-bdfb-13519d8180ed | 2026-10-04 | おみやげ特集。湯どうふ商品の記載はスニペットでは確認できず
道の駅 うれしの まるく ｜ 九州の道の駅へようこそ（国土交通省九州地方整備局） | https://www.qsr.mlit.go.jp/n-michi/michi_no_eki/kobetu/ureshino/ureshino.html | 2026-10-04 | 検索結果に出現
うれしの まるく（公式） | https://ureshinomaruku.jp/ | 2026-10-04 | 検索結果タイトルによる",低,2026-10-04,
siebold,嬉野温泉公衆浴場 シーボルトの湯,しーぼるとのゆ,温泉施設,要確認,未確認,佐賀県嬉野市嬉野町大字下宿乙818-2,33.099522,129.983805,概略,0954-43-1426,6:00〜22:00（最終受付21:30）,毎月第3水曜日（祝日の場合は翌日）,日帰り,,"入浴料 大人（中学生以上） | 450 | 70歳以上340円、小学生220円 | https://rurubu.jp/andmore/spot/80039002
貸切湯（50分） | 2500 | 別途入湯税 大人1人50円 | https://rurubu.jp/andmore/spot/80039002",,,,,嬉野温泉（ナトリウム-炭酸水素塩・塩化物泉）,,,"嬉野市営の公衆浴場。2010年4月開業（Wikipedia）
ゴシック風の外観
前の「シーボルトのあし湯」は食菜市場きはらの目の前",嬉野温泉街中心部にある嬉野市の公衆浴場。,https://spa-u.net/,,,,,,,,," | https://spa-u.net/facility/2019/04/-siebold-spa.php
 | https://www.asobo-saga.jp/spots/detail/bd384289-972c-4817-8afa-35deb73f3f83
 | https://www.jalan.net/kankou/spt_41209ae2182098691/
 | https://onsen.nifty.com/ureshino-onsen/onsen009675/
 | https://www.spa.or.jp/search_f/detail_f/?F_ID=1731",,,,,"嬉野温泉公衆浴場 シーボルトの湯（るるぶ&more.） | https://rurubu.jp/andmore/spot/80039002 | 2026-10-04 | （住所・時間・料金・電話・公式URL）
嬉野温泉（Wikipedia） | https://ja.wikipedia.org/wiki/%E5%AC%89%E9%87%8E%E6%B8%A9%E6%B3%89 | 2026-10-04 | （2010年4月開業）",高,2026-10-04,館内での湯どうふ提供・販売は未確認（情報募集中）
hyakunen,うれしの源泉 百年の湯（お食事処 百年亭）,ひゃくねんのゆ,温泉施設,公開,確認済み,佐賀県嬉野市嬉野町大字下宿乙2202-8,33.099522,129.983805,概略,0954-20-2525,9:00〜22:00（受付終了21:30）,不定休（温泉施設の休業日に準ずる）,"ランチ
ディナー
日帰り","湯豆腐（「革命的な新しい湯豆腐」） |  | 価格不明。食べログの紹介文「革命的な新しい湯豆腐」、要約「百年の湯の温泉水を使用、ローションのようななめらかさ」 | https://tabelog.com/saga/A4104/A410401/41006340/dtlmenu/photo/
温泉湯豆腐定食 | 1200 | （税込/税抜・掲載年不明）。出典は 100nen-spa.co.jp お食事処ページまたは旅館大村屋ランチ記事とみられる | http://www.100nen-spa.co.jp/restaurant/","入浴料 平日 大人 | 590 | +入湯税100円。小人300円 | http://www.100nen-spa.co.jp/information/
入浴料 土日祝 大人 | 740 | +入湯税100円。小人350円 | http://www.100nen-spa.co.jp/information/",,,,,自家源泉（うれしの元湯・百年の湯）,pH7.9 と紹介（検索要約による）,,"日帰り温泉と食事処が一体
百年の湯の温泉水を使った湯豆腐
日帰り温泉施設
うれしの元湯の姉妹館（元湯の日帰り入浴は百年の湯を案内）
予約可
カツ丼、ソフトクリームなどの口コミあり（温泉後のソフトクリームが人気）
嬉野温泉駅から約1,941m","格安の日帰り温泉施設でお食事処を併設。ニフティ温泉の『食事が楽しめる嬉野の温泉』要約に『平日限定 入浴＋湯どうふ定食 通常1,890円→1,750円のクーポン』の記載があったが、どの施設の特典かはスニペット上で特定できなかった（百年の湯の可能性があるため候補として記録）。",https://100nen-spa.co.jp/,https://tabelog.com/saga/A4104/A410401/41006340/,,,,,,,," | http://www.100nen-spa.co.jp/information/
 | https://spa-u.net/facility/2019/08/-hyakunennoyu.php
 | https://tabelog.com/saga/A4104/A410401/41006340/dtlmenu/photo/
 | https://www.oomuraya.co.jp/kurashikanko/ureshino-lunch/
 | https://onsen.nifty.com/ureshino-onsen/onsen004115/
 | https://onsen.nifty.com/ft-oshokuji/ureshino-onsen/
 | https://www.jalan.net/kankou/spt_guide000000185825/",3.07,17,,,"料金･総合案内（百年の湯 公式） | http://www.100nen-spa.co.jp/information/ | 2026-10-04 | （住所・時間・料金・電話）
佐賀嬉野・日帰り温泉施設 百年の湯【公式】※旧名称：元湯温泉 | http://www.100nen-spa.co.jp/ | 2026-10-04 | 検索結果タイトルによる
百年の湯 百年亭 - 嬉野温泉/食堂 [食べログ] | https://tabelog.com/en/saga/A4104/A410401/41006340/ | 2026-10-04 | WebSearch結果の要約による。住所・電話・営業時間・不定休・点数3.07・口コミ17件・予算
メニュー写真 : 百年の湯 百年亭 [食べログ] | https://tabelog.com/saga/A4104/A410401/41006340/dtlmenu/photo/ | 2026-10-04 | 「新しい湯豆腐」の紹介、温泉水使用
温泉の後に頂く美味しいソフトクリーム(はまぐりのToshi) - 百年の湯 百年亭 [食べログ] | https://tabelog.com/saga/A4104/A410401/41006340/dtlrvwlst/B370121033/ | 2026-10-04 | 口コミタイトルによる
お食事処 - 100nen-spa.co.jp | http://www.100nen-spa.co.jp/restaurant/ | 2026-10-04 | 検索結果一覧に出現。要約で「百年亭：温泉湯豆腐定食が1,200円」
嬉野温泉のランチ12選！ 旅館大村屋15代目が選ぶおすすめのお店 | https://www.oomuraya.co.jp/kurashikanko/ureshino-lunch/ | 2026-10-04 | 同じ検索の結果一覧に出現（百年亭の記載元の可能性）
【クーポンあり】食事が楽しめる嬉野の温泉、日帰り温泉、スーパー銭湯おすすめ17選【2025年度版】｜ニフティ温泉 | https://onsen.nifty.com/ft-oshokuji/ureshino-onsen/ | 2026-10-04 | 『平日限定 入浴と湯どうふ定食 1,890円→1,750円』の施設名は未特定
【入館料割引クーポン】うれしの源泉 百年の湯 - 嬉野｜ニフティ温泉 | https://onsen.nifty.com/ureshino-onsen/onsen004115/ | 2026-10-04 | 検索結果に出現",中,2026-10-04,
yudofu-festa,うれしの温泉秋まつり「温泉湯どうふフェスタ」（2026年11月1日）,おんせんゆどうふふぇすた,その他,公開,確認済み,佐賀県嬉野市嬉野町 嬉野温泉商店街メインストリート周辺,33.099522,129.983805,概略,,,,,,,,,,,,,,"2026-11-01（日）10:00〜16:00
豊玉姫神社での神事・奉納、秋の市
入場無料（一部有料）",嬉野温泉の秋まつり。名物「温泉湯どうふフェスタ」が開かれる。駐車場は嬉野市役所・中央広場（無料）。湯どうふの提供価格・振る舞いの有無は未確認。,,,,,,,,,,,,,,,あそぼーさが イベント詳細 | https://www.asobo-saga.jp/events/detail/761d3955-702a-4265-8826-9ae1c5d02143 | 2026-10-04 | 検索結果スニペット/要約による,中,2026-10-04,
furusato,嬉野市 ふるさと納税 返礼品「嬉野温泉湯どうふ」,ふるさとのうぜい,その他,公開,確認済み,（オンライン・嬉野市）,,,不明,,,,通販,"嬉野温泉湯どうふ3丁セット | 12000 | 寄付金額（円）。提供事業者は未特定 | https://www.furusato-tax.jp/city/product/41209
嬉野温泉湯どうふ2丁セット | 11000 | 寄付金額（円）。提供事業者は未特定 | https://www.furusato-tax.jp/city/product/41209
とろける湯どうふセット（3丁入りセット） |  | 寄付金額未取得。商品名から大正屋系の可能性があるが未確認 | https://www.furusato-tax.jp/city/product/41209",,藤川豆腐店・福田豆腐店・大正屋・このめの里（返礼品により異なる）,,,,,,,複数の市内製造者が返礼品を提供,嬉野市のふるさと納税返礼品として温泉湯どうふのセットが複数ポータルで提供されている。市内の主要製造者（藤川とうふ店・福田とうふ店・大正屋・このめの里）が登録されていると検索結果要約にある。,https://www.furusato-tax.jp/city/product/41209,,,,,,,,," | https://furunavi.jp/Municipal/Product/Search?municipalid=1537
 | https://www.satofull.jp/products/list.php?s3=4&cnt=60&p=1
 | https://www.rakuten.co.jp/f412091-ureshino/
 | https://furu-sato.com/saga/209",,,,,"佐賀県嬉野市のふるさと納税 お礼の品ランキング【ふるさとチョイス】 | https://www.furusato-tax.jp/city/product/41209 | 2026-10-04 | 3丁セット12,000円・2丁セット11,000円、製造者名
佐賀県嬉野市のふるさと納税でもらえる返礼品一覧（ふるなび） | https://furunavi.jp/Municipal/Product/Search?municipalid=1537 | 2026-10-04 | 検索結果に出現",中,2026-10-04,寄付額であり販売価格ではない
